SET NAMES utf8mb4;
SET FOREIGN_KEY_CHECKS = 0;

-- ----------------------------
-- Records of oauth_client_details
-- ----------------------------
INSERT INTO `oauth_client_details` VALUES ('ossbar-platform-core', 'cb-platform-core', '{noop}s9sd8uf9ewj9egwejgewgj0', 'all', 'password,authorization_code,refresh_token,implicit,client_credentials', 'http://localhost:9084/console/login,http://www.baidu.com/console/login', 'ROLE_USER13', NULL, NULL, NULL, 'true');
INSERT INTO `oauth_client_details` VALUES ('ossbar-platform-core1', 'cb-platform-core', '{noop}s9sd8uf9ewj9egwejgewgj01', 'all', 'password,authorization_code,refresh_token,implicit,client_credentials', 'http://localhost:9084/console/login,http://www.baidu.com/console/login', 'ROLE_USER13', NULL, NULL, NULL, 'true');

-- ----------------------------
-- Records of qrtz_cron_triggers
-- ----------------------------
INSERT INTO `qrtz_cron_triggers` VALUES ('CreatorblueScheduler', 'TASK_0293303f0cd34877b75576edcf45e4f6', 'DEFAULT', '0 0/30 * * * ?', 'Asia/Shanghai');
INSERT INTO `qrtz_cron_triggers` VALUES ('CreatorblueScheduler', 'TASK_c5e92c817aa144019860c1b64e8ae301', 'DEFAULT', '*/5 * * * * ?', 'Asia/Shanghai');

-- ----------------------------
-- Records of qrtz_job_details
-- ----------------------------
INSERT INTO `qrtz_job_details` VALUES ('CreatorblueScheduler', 'TASK_0293303f0cd34877b75576edcf45e4f6', 'DEFAULT', NULL, 'com.ossbar.modules.job.utils.ScheduleJob', '0', '1', '0', '0', 0xACED0005737200156F72672E71756172747A2E4A6F62446174614D61709FB083E8BFA9B0CB020000787200266F72672E71756172747A2E7574696C732E537472696E674B65794469727479466C61674D61708208E8C3FBC55D280200015A0013616C6C6F77735472616E7369656E74446174617872001D6F72672E71756172747A2E7574696C732E4469727479466C61674D617013E62EAD28760ACE0200025A000564697274794C00036D617074000F4C6A6176612F7574696C2F4D61703B787001737200116A6176612E7574696C2E486173684D61700507DAC1C31660D103000246000A6C6F6164466163746F724900097468726573686F6C6478703F4000000000000C7708000000100000000174000D4A4F425F504152414D5F4B45597401227B226A6F624964223A223032393333303366306364333438373762373535373665646366343565346636222C226265616E4E616D65223A22746573745461736B222C226D6574686F644E616D65223A2274657374222C22706172616D73223A2263726561746F72626C7565222C2263726F6E45787072657373696F6E223A223020302F3330202A202A202A203F222C22737461747573223A312C2272656D61726B223A22E68891E6ADA3E6B58BE8AF95E4B8AD31222C22637265617465557365724964223A2231222C2263726561746554696D65223A22323031392D30362D32312030383A33373A3435222C22757064617465557365724964223A2231222C2275706461746554696D65223A22323031392D30372D30312030383A32363A3532227D7800);
INSERT INTO `qrtz_job_details` VALUES ('CreatorblueScheduler', 'TASK_c5e92c817aa144019860c1b64e8ae301', 'DEFAULT', NULL, 'com.ossbar.modules.job.utils.ScheduleJob', '0', '1', '0', '0', 0xACED0005737200156F72672E71756172747A2E4A6F62446174614D61709FB083E8BFA9B0CB020000787200266F72672E71756172747A2E7574696C732E537472696E674B65794469727479466C61674D61708208E8C3FBC55D280200015A0013616C6C6F77735472616E7369656E74446174617872001D6F72672E71756172747A2E7574696C732E4469727479466C61674D617013E62EAD28760ACE0200025A000564697274794C00036D617074000F4C6A6176612F7574696C2F4D61703B787001737200116A6176612E7574696C2E486173684D61700507DAC1C31660D103000246000A6C6F6164466163746F724900097468726573686F6C6478703F4000000000000C7708000000100000000174000D4A4F425F504152414D5F4B45597400F97B226A6F624964223A226335653932633831376161313434303139383630633162363465386165333031222C226265616E4E616D65223A22746573745461736B222C226D6574686F644E616D65223A2274657374222C22706172616D73223A22222C2263726F6E45787072657373696F6E223A222A2F35202A202A202A202A203F222C22737461747573223A302C2272656D61726B223A22E6AF8FE5A4A9E6AF8F35E7A792E689A7E8A18CE4B880E6ACA1222C2263726561746554696D65223A22323032322D30392D30362031343A33323A3536222C2275706461746554696D65223A22323032322D30392D30362031343A33323A3536227D7800);

-- ----------------------------
-- Records of qrtz_locks
-- ----------------------------
INSERT INTO `qrtz_locks` VALUES ('CreatorblueScheduler', 'TRIGGER_ACCESS');

-- ----------------------------
-- Records of qrtz_triggers
-- ----------------------------
INSERT INTO `qrtz_triggers` VALUES ('CreatorblueScheduler', 'TASK_0293303f0cd34877b75576edcf45e4f6', 'DEFAULT', 'TASK_0293303f0cd34877b75576edcf45e4f6', 'DEFAULT', NULL, 1662372000000, -1, 5, 'PAUSED', 'CRON', 1662370619000, 0, NULL, 2, 0xACED0005737200156F72672E71756172747A2E4A6F62446174614D61709FB083E8BFA9B0CB020000787200266F72672E71756172747A2E7574696C732E537472696E674B65794469727479466C61674D61708208E8C3FBC55D280200015A0013616C6C6F77735472616E7369656E74446174617872001D6F72672E71756172747A2E7574696C732E4469727479466C61674D617013E62EAD28760ACE0200025A000564697274794C00036D617074000F4C6A6176612F7574696C2F4D61703B787001737200116A6176612E7574696C2E486173684D61700507DAC1C31660D103000246000A6C6F6164466163746F724900097468726573686F6C6478703F4000000000000C7708000000100000000174000D4A4F425F504152414D5F4B45597401227B226A6F624964223A223032393333303366306364333438373762373535373665646366343565346636222C226265616E4E616D65223A22746573745461736B222C226D6574686F644E616D65223A2274657374222C22706172616D73223A2263726561746F72626C7565222C2263726F6E45787072657373696F6E223A223020302F3330202A202A202A203F222C22737461747573223A312C2272656D61726B223A22E68891E6ADA3E6B58BE8AF95E4B8AD31222C22637265617465557365724964223A2231222C2263726561746554696D65223A22323031392D30362D32312030383A33373A3435222C22757064617465557365724964223A2231222C2275706461746554696D65223A22323031392D30372D30312030383A32363A3532227D7800);
INSERT INTO `qrtz_triggers` VALUES ('CreatorblueScheduler', 'TASK_c5e92c817aa144019860c1b64e8ae301', 'DEFAULT', 'TASK_c5e92c817aa144019860c1b64e8ae301', 'DEFAULT', NULL, 1662445980000, -1, 5, 'PAUSED', 'CRON', 1662445976000, 0, NULL, 2, 0xACED0005737200156F72672E71756172747A2E4A6F62446174614D61709FB083E8BFA9B0CB020000787200266F72672E71756172747A2E7574696C732E537472696E674B65794469727479466C61674D61708208E8C3FBC55D280200015A0013616C6C6F77735472616E7369656E74446174617872001D6F72672E71756172747A2E7574696C732E4469727479466C61674D617013E62EAD28760ACE0200025A000564697274794C00036D617074000F4C6A6176612F7574696C2F4D61703B787001737200116A6176612E7574696C2E486173684D61700507DAC1C31660D103000246000A6C6F6164466163746F724900097468726573686F6C6478703F4000000000000C7708000000100000000174000D4A4F425F504152414D5F4B45597400FA7B226A6F624964223A226335653932633831376161313434303139383630633162363465386165333031222C226265616E4E616D65223A22746573745461736B222C226D6574686F644E616D65223A227465737432222C22706172616D73223A22222C2263726F6E45787072657373696F6E223A222A2F35202A202A202A202A203F222C22737461747573223A312C2272656D61726B223A22E6AF8FE5A4A9E6AF8F35E7A792E689A7E8A18CE4B880E6ACA1222C2263726561746554696D65223A22323032322D30392D30362031343A33323A3536222C2275706461746554696D65223A22323032322D30392D30362031343A35333A3332227D7800);

-- ----------------------------
-- Records of t_evgl_book_major
-- ----------------------------
INSERT INTO `t_evgl_book_major` VALUES ('1c5e7a77b9c94f1688b81e2f9739b6f2', '845786f2bfbf46398e3b495f6c7014bc', '软件测试工程师', '49b3e617-8d50-4455-99de-c3f1117f88e3.jpeg', '软件质量的守卫者：夯实的测试基础、懂功能性测试同时，还会玩安全性测试和性能测试', '<p>软件质量的守卫者：夯实的测试基础、懂功能性测试同时，还会玩安全性测试和性能测试</p>', '', '', '', '1.0', '', 'Y', 6, '1', '2019-08-16 20:53:59', '1', '2019-08-31 15:07:52', 'Y', 'Y');
INSERT INTO `t_evgl_book_major` VALUES ('1cd2c3ccaf814e04a2792da827ca91ed', '845786f2bfbf46398e3b495f6c7014bc', '前端工程师', '522b23b2-6f28-4465-b2d4-5234f3287ed5.png', 'IT界的时尚达人\nWeb 前端学习路径中首先实践 HTML、CSS、JavaScript、CSS3、HTML5、熟练的图像处理能力等基础知识，然后完成实现页面特效组件、网页游戏、Web应用等一系列项目，帮助你通过动手实践成长为合格的 Web 前端工程师。', '<p><img src=\"../manage/uploads/cbeditor-image/2019-08-16/dfe6a13296474135aeaa7d4dab05478a.png\" width=\"1188\" height=\"239\" /></p>\n<p><img src=\"../manage/uploads/cbeditor-image/2019-08-16/52cd2f9e6ec84c7aae29264a35e67418.png\" width=\"1190\" height=\"545\" /></p>\n<p><img src=\"../manage/uploads/cbeditor-image/2019-08-16/a9e1fa67d9594108820e2d7b0235bf0f.png\" width=\"1191\" height=\"440\" /><img src=\"../manage/uploads/cbeditor-image/2019-08-16/cf969724534a4528a02726d45f7c29a8.png\" width=\"1187\" height=\"407\" /></p>', '', '', '', 'V1.0', '', 'Y', 3, '1', '2019-08-16 19:20:20', '1', '2020-11-13 19:41:14', 'Y', 'Y');
INSERT INTO `t_evgl_book_major` VALUES ('3bd04aeedb304e9aa6287932b3b5a1d8', '845786f2bfbf46398e3b495f6c7014bc', '专升本学历提升', '69e8c2df-307b-4315-a69e-d4c451be3c8e.jpeg', '专升本能力提升，助力升学成功', '<p>专升本能力提升，助力升学成功</p>', NULL, NULL, NULL, 'V2.0', NULL, 'Y', 2, '1', '2020-10-30 11:41:54', '1', '2020-10-30 11:44:58', 'Y', 'Y');
INSERT INTO `t_evgl_book_major` VALUES ('4de2954d7e18476fbefe6d4d5f5d4903', '845786f2bfbf46398e3b495f6c7014bc', '实施/运维工程师', '8bbd5f15-6769-4c86-8a00-d1bb862e8dec.jpeg', 'Linux运维技术路径中首先学习 Linux 相关的基本操作和系统管理，然后依次学习并实践服务部署、数据库管理、脚本编程、系统监控和安全防护、以及Web服务运维技术。最后学习 Docker 容器服务和 Windows Server的运维知识。本路径的实验将帮助你成为一名合格的 Linux 运维工程师。', '<p>Linux运维技术路径中首先学习 Linux 相关的基本操作和系统管理，然后依次学习并实践服务部署、数据库管理、脚本编程、系统监控和安全防护、以及Web服务运维技术。最后学习 Docker 容器服务和 Windows Server的运维知识。本路径的实验将帮助你成为一名合格的 Linux 运维工程师。</p>', '', '', '', 'V1.0', '', 'Y', 5, '1', '2019-08-31 14:55:10', '1', '2021-04-09 11:19:51', 'Y', 'Y');
INSERT INTO `t_evgl_book_major` VALUES ('80aa274044704360901836e9c7dda760', '845786f2bfbf46398e3b495f6c7014bc', '企业公开课', '4ba42aa4-5ba1-4d5f-8e54-60f64f27e16f.jpeg', '大数据学习路径中会学习并实践 Java、Scala、Hadoop、HBase、Mahout、Sqoop及Spark等大数据技术，本路径通过大量的动手实验，在实验数据集上实践各种大数据工具，帮助你成长为具备动手能力的大数据工程师。', '<p>大数据学习路径中会学习并实践 Java、Scala、Hadoop、HBase、Mahout、Sqoop及Spark等大数据技术，本路径通过大量的动手实验，在实验数据集上实践各种大数据工具，帮助你成长为具备动手能力的大数据工程师。</p>', '', '', '', 'V1.0', '', 'Y', 3, '1', '2019-08-16 20:43:17', '1', '2021-08-14 08:52:52', 'Y', 'Y');
INSERT INTO `t_evgl_book_major` VALUES ('83bc5ba73b5a4df793b2a0d1e3878da3', '845786f2bfbf46398e3b495f6c7014bc', '大数据工程师', 'cc064da4-7ebf-4ef1-808b-397d1433e716.jpeg', 'Python技术路径中包含入门知识、Python基础、Web框架、基础项目、网络编程、数据与计算及综合项目七个模块。模块中的课程将带着你逐步深入，学会如何使用 Python 实现一个博客，桌面词典，微信机器人或网络安全软件等。完成本路径的实验课，将具备独立开发 Python 软件和 Web 应用的能力。', '<p>Python技术路径中包含入门知识、Python基础、Web框架、基础项目、网络编程、数据与计算及综合项目七个模块。模块中的课程将带着你逐步深入，学会如何使用 Python 实现一个博客，桌面词典，微信机器人或网络安全软件等。完成本路径的实验课，将具备独立开发 Python 软件和 Web 应用的能力。</p>', '', '', '', 'V1.0', '', 'Y', 4, '1', '2019-08-31 14:58:14', '1', '2021-10-15 21:30:46', 'Y', 'Y');
INSERT INTO `t_evgl_book_major` VALUES ('d9fbce2fba844ae6b34f69ce2278f191', '845786f2bfbf46398e3b495f6c7014bc', 'Java工程师', '88d88a31-a962-422e-a9b9-2dca2ad0e52b.png', 'Java 学习路径中将首先完成 Java基础、JDK、JDBC、正则表达式等基础实验，然后进阶到 J2SE 和 SSM 框架学习。通过使用 Java 语言实现日记本，个人相册、编辑器、通讯录等，学习并实践 Java 编程基础，SSH 项目、Spring Boot 实战开发。\n修炼成技术大咖：以示例掌握技术基础，以小项目考核j2ee课程的应用能力，通过多个大型项目实战来达到掌握核心技术', '<div class=\"modula-title\">芯片进入多核时代，人才步入复合时代！全栈Java工程师，是指具备一专多能的复合型开发人才：不但Java及相关延伸技能扎实，还熟悉、掌握前端到后端各种主流技术环节的实现能力。</div>\n<div class=\"modula-slogan\">\n<p>那么，我们来看看全栈Java工程师对于个人或公司意味着什么。</p>\n<ul>\n<li>\n<p>个人价值及自由度的极大提升</p>\n</li>\n<li>\n<p>薪资待遇比一般的Java开发工程师至少高30%-60%</p>\n</li>\n<li>\n<p>成为项目关键人物，职业上升通道更为广阔</p>\n</li>\n<li>\n<p>降低企业的沟通成本，提供项目的进展效率。</p>\n</li>\n</ul>\n</div>\n<p><img src=\"https://edu.creatorblue.com/common/images/class/java/Java1.png\" /></p>\n<p><img src=\"../manage/uploads/cbeditor-image/2019-08-16/3e6df5cffe6d49d1b8dfb38ccbe0f587.png\" width=\"984\" height=\"303\" /></p>\n<p>&nbsp;</p>\n<p><img src=\"../manage/uploads/cbeditor-image/2019-08-16/51f09f75cea44d349396f427a4644506.png\" width=\"1014\" height=\"416\" /></p>', '', '', '', '1.0', '', 'Y', 1, '1', '2019-08-16 19:32:31', '1', '2020-11-05 09:39:29', 'Y', 'Y');

-- ----------------------------
-- Records of t_evgl_book_subject
-- ----------------------------
INSERT INTO `t_evgl_book_subject` VALUES ('00141eb75c564018b8c68e7dda0e670a', '845786f2bfbf46398e3b495f6c7014bc', NULL, '深入浅出VueJS', '创蓝教育', '创蓝教育', NULL, NULL, NULL, '/uploads/dict/d179319c-8e02-4dc4-9288-598c4606c7b6.jpeg', NULL, NULL, NULL, NULL, 48.00, 48.00, NULL, '1', '2019-08-28 20:45:02', '1', '2021-04-15 16:28:26', NULL, NULL, NULL, 'Y', NULL, 13, NULL, 13, NULL, NULL);
INSERT INTO `t_evgl_book_subject` VALUES ('00f92f0079354ecb93b620ffbb39b378', NULL, NULL, 'PS图像处理', NULL, '清华出版社', NULL, NULL, NULL, '/uploads/dict/a7a527c3-75e3-4039-8cf6-ef3a2e070316.jpeg', NULL, NULL, NULL, NULL, 10.00, NULL, NULL, '1', '2021-12-13 16:27:03', NULL, NULL, NULL, NULL, NULL, 'Y', NULL, NULL, NULL, NULL, NULL, NULL);
INSERT INTO `t_evgl_book_subject` VALUES ('081b273427004542ab67feb61cc26617', '845786f2bfbf46398e3b495f6c7014bc', NULL, '高等数学', NULL, NULL, NULL, NULL, NULL, '/uploads/dict/a7a527c3-75e3-4039-8cf6-ef3a2e070316.jpeg', NULL, NULL, NULL, NULL, NULL, NULL, NULL, '1', '2022-03-02 14:07:50', NULL, NULL, NULL, NULL, NULL, 'Y', NULL, NULL, NULL, NULL, NULL, NULL);
INSERT INTO `t_evgl_book_subject` VALUES ('08cb272f002a4557b4d36286d199d5b8', '845786f2bfbf46398e3b495f6c7014bc', NULL, 'Linux网络基础', NULL, NULL, NULL, NULL, NULL, '/uploads/dict/d179319c-8e02-4dc4-9288-598c4606c7b6.jpeg', NULL, NULL, NULL, NULL, 4.00, 48.00, NULL, '1', '2019-09-01 10:10:44', NULL, NULL, NULL, NULL, NULL, 'Y', NULL, NULL, NULL, NULL, NULL, NULL);
INSERT INTO `t_evgl_book_subject` VALUES ('0d60d87ab9ab41afaad2c3e469f7ea44', '845786f2bfbf46398e3b495f6c7014bc', NULL, '交互性原型设计', '创蓝教育-朱建武', '清华出版社', NULL, NULL, NULL, '/uploads/dict/a7a527c3-75e3-4039-8cf6-ef3a2e070316.jpeg', NULL, NULL, NULL, NULL, 10.00, 10.00, NULL, '1', '2020-11-18 10:57:52', '1', '2021-04-15 16:58:10', NULL, NULL, NULL, 'Y', NULL, 6, NULL, 6, NULL, NULL);
INSERT INTO `t_evgl_book_subject` VALUES ('0fb76361fd6a45858fc7140a295a1abe', '845786f2bfbf46398e3b495f6c7014bc', NULL, 'MySQL开发高级篇', '朱建武', '创蓝教育', NULL, NULL, NULL, '/uploads/dict/167a1a0e-3d75-4bb8-8196-cae2bee72d48.jpeg', NULL, NULL, NULL, NULL, 4.00, 48.00, NULL, '1', '2019-08-16 20:31:15', '1', '2020-09-29 11:52:23', NULL, NULL, NULL, 'Y', NULL, NULL, NULL, NULL, NULL, NULL);
INSERT INTO `t_evgl_book_subject` VALUES ('108565bf604a4caf877f6bb577017835', '845786f2bfbf46398e3b495f6c7014bc', NULL, '自动化运维技术与应用', '创蓝教育', '清华出版社', NULL, NULL, NULL, '/uploads/dict/a7a527c3-75e3-4039-8cf6-ef3a2e070316.jpeg', NULL, NULL, NULL, NULL, 5.00, 5.00, NULL, '1', '2021-02-04 15:20:20', '1', '2021-02-27 14:43:42', NULL, NULL, NULL, 'Y', NULL, NULL, NULL, NULL, NULL, NULL);
INSERT INTO `t_evgl_book_subject` VALUES ('13ca236835294f6b9cbc21afce40aeba', '845786f2bfbf46398e3b495f6c7014bc', NULL, 'Bootstrap介绍', '创蓝教育', '创蓝教育', NULL, NULL, NULL, '/uploads/dict/a7a527c3-75e3-4039-8cf6-ef3a2e070316.jpeg', NULL, NULL, NULL, NULL, NULL, NULL, NULL, '1', '2021-01-25 14:23:49', '1', '2021-04-15 16:28:15', NULL, NULL, NULL, 'Y', NULL, 3, NULL, 3, NULL, NULL);
INSERT INTO `t_evgl_book_subject` VALUES ('1784c2d9db124e10a0458b59485a3ba5', '845786f2bfbf46398e3b495f6c7014bc', NULL, '前端开发速成指南', '创蓝教育', NULL, NULL, NULL, NULL, '/uploads/dict/167a1a0e-3d75-4bb8-8196-cae2bee72d48.jpeg', NULL, NULL, NULL, NULL, NULL, NULL, NULL, '1', '2021-01-04 14:03:23', '1', '2021-04-15 16:28:52', NULL, NULL, NULL, 'Y', NULL, NULL, NULL, NULL, NULL, NULL);
INSERT INTO `t_evgl_book_subject` VALUES ('21c63e07ffa74684a3dfe5576a8e54c8', '845786f2bfbf46398e3b495f6c7014bc', NULL, 'Java核心技术', '创蓝教育-朱强', '创蓝教育', NULL, NULL, NULL, '/uploads/dict/8f1aee1e-ae01-41af-a2c1-7b8623ff6bc7.jpeg', NULL, NULL, NULL, NULL, 5.00, NULL, NULL, '1', '2020-11-26 14:43:56', '1', '2021-02-27 14:42:20', NULL, NULL, NULL, 'Y', NULL, 15, NULL, 15, NULL, NULL);
INSERT INTO `t_evgl_book_subject` VALUES ('248864ad0aff46e284987ea97ffbb9bf', '845786f2bfbf46398e3b495f6c7014bc', NULL, '数据结构', NULL, '清华出版社', NULL, NULL, NULL, '/uploads/dict/a7a527c3-75e3-4039-8cf6-ef3a2e070316.jpeg', NULL, NULL, NULL, NULL, 2.00, 2.00, NULL, '1', '2021-01-07 15:22:12', NULL, NULL, NULL, NULL, NULL, 'Y', NULL, NULL, NULL, NULL, NULL, NULL);
INSERT INTO `t_evgl_book_subject` VALUES ('3549227b64104427a13082d6acd701a5', '845786f2bfbf46398e3b495f6c7014bc', NULL, 'Linux入门到实战', '创蓝教育', '清华出版社', NULL, NULL, NULL, '/uploads/dict/50748319-648f-41a1-9052-dde7f30f79a5.jpeg', NULL, NULL, NULL, NULL, 4.00, 48.00, NULL, '1', '2019-09-01 10:08:56', '1', '2022-05-04 14:49:30', NULL, NULL, NULL, 'Y', NULL, 3, NULL, 3, NULL, NULL);
INSERT INTO `t_evgl_book_subject` VALUES ('364f23a3e0214d9cb47b7eae5364b08f', '845786f2bfbf46398e3b495f6c7014bc', NULL, '企业级项目综合实战', '创蓝教育-朱建武', '清华出版社', NULL, NULL, NULL, '/uploads/dict/a7a527c3-75e3-4039-8cf6-ef3a2e070316.jpeg', NULL, NULL, NULL, NULL, 10.00, 100.00, NULL, '1', '2020-12-11 09:11:40', '1', '2021-11-30 16:41:04', NULL, NULL, NULL, 'Y', NULL, NULL, NULL, NULL, NULL, NULL);
INSERT INTO `t_evgl_book_subject` VALUES ('3cc5e881faa143c9ac923274d61de9d2', NULL, NULL, 'SVN源代码版本管理', NULL, NULL, NULL, NULL, NULL, '/uploads/dict/a7a527c3-75e3-4039-8cf6-ef3a2e070316.jpeg', NULL, NULL, NULL, NULL, NULL, NULL, NULL, '1', '2022-02-11 16:07:32', NULL, NULL, NULL, NULL, NULL, 'Y', NULL, NULL, NULL, NULL, NULL, NULL);
INSERT INTO `t_evgl_book_subject` VALUES ('43fbd8c14057434cb24cc882e0246df3', '845786f2bfbf46398e3b495f6c7014bc', NULL, 'Web开发规范', '创蓝教育-朱老师', '清华出版社', NULL, NULL, NULL, '/uploads/dict/a7a527c3-75e3-4039-8cf6-ef3a2e070316.jpeg', NULL, NULL, NULL, NULL, 2.00, 2.00, NULL, '1', '2021-01-06 09:03:59', '1', '2021-02-27 16:20:33', NULL, NULL, NULL, 'Y', NULL, 3, NULL, 3, NULL, NULL);
INSERT INTO `t_evgl_book_subject` VALUES ('4b6aeffa4e5242528de1dce06c1a6d1e', '845786f2bfbf46398e3b495f6c7014bc', NULL, '计算机网络', NULL, NULL, NULL, NULL, NULL, '/uploads/dict/a7a527c3-75e3-4039-8cf6-ef3a2e070316.jpeg', NULL, NULL, NULL, NULL, NULL, NULL, NULL, '1', '2022-03-02 14:33:18', NULL, NULL, NULL, NULL, NULL, 'Y', NULL, NULL, NULL, NULL, NULL, NULL);
INSERT INTO `t_evgl_book_subject` VALUES ('500692d733bd433a9fb1b5ee95af83a3', '845786f2bfbf46398e3b495f6c7014bc', NULL, 'Docker容器技术', '创蓝教育', NULL, NULL, NULL, NULL, '/uploads/dict/a7a527c3-75e3-4039-8cf6-ef3a2e070316.jpeg', NULL, NULL, NULL, NULL, NULL, NULL, NULL, '1', '2020-11-26 14:45:35', '1', '2021-04-11 17:36:11', NULL, NULL, NULL, 'Y', NULL, 1, NULL, 1, NULL, NULL);
INSERT INTO `t_evgl_book_subject` VALUES ('5c116732182b41868f20946cbc81ed1a', '845786f2bfbf46398e3b495f6c7014bc', NULL, 'Python工程师', '创蓝教育', NULL, NULL, NULL, NULL, '/uploads/dict/a7a527c3-75e3-4039-8cf6-ef3a2e070316.jpeg', NULL, NULL, NULL, NULL, NULL, NULL, NULL, '1', '2021-02-01 14:43:45', '1', '2021-11-30 14:21:46', NULL, NULL, NULL, 'Y', NULL, NULL, NULL, NULL, NULL, NULL);
INSERT INTO `t_evgl_book_subject` VALUES ('5ff90ffc939c4fc082d8b49e703fb391', '845786f2bfbf46398e3b495f6c7014bc', NULL, '内网穿透工具', '创蓝教育-朱老师', '5', NULL, NULL, NULL, '/uploads/dict/a7a527c3-75e3-4039-8cf6-ef3a2e070316.jpeg', NULL, NULL, NULL, NULL, 5.00, 5.00, NULL, '1', '2021-01-28 11:03:02', '1', '2021-02-27 14:43:30', NULL, NULL, NULL, 'Y', NULL, 1, NULL, 1, NULL, NULL);
INSERT INTO `t_evgl_book_subject` VALUES ('602a530d3bee4c8d98dcf928274116a6', NULL, NULL, 'ECMAScript 6入门教程', '欧阳老师', NULL, NULL, NULL, NULL, '/uploads/dict/167a1a0e-3d75-4bb8-8196-cae2bee72d48.jpeg', NULL, NULL, NULL, NULL, NULL, NULL, NULL, '1', '2021-05-14 10:34:09', '1', '2021-05-14 10:36:46', NULL, NULL, NULL, 'Y', NULL, NULL, NULL, NULL, NULL, NULL);
INSERT INTO `t_evgl_book_subject` VALUES ('60eea332d7b0430db8af018a34b453cd', NULL, NULL, '学历提升【专升本】', '创蓝教育', '清华出版社', NULL, NULL, NULL, '/uploads/dict/a7a527c3-75e3-4039-8cf6-ef3a2e070316.jpeg', NULL, NULL, NULL, NULL, 10.00, 60.00, NULL, '1', '2021-08-11 09:10:59', '1', '2022-04-27 14:26:10', NULL, NULL, NULL, 'Y', NULL, NULL, NULL, NULL, NULL, NULL);
INSERT INTO `t_evgl_book_subject` VALUES ('630337df1a554493a062026e3c183ddf', NULL, NULL, 'Java和Javaweb基础入门', '创蓝教育', '创蓝教育', NULL, NULL, NULL, '/uploads/dict/a7a527c3-75e3-4039-8cf6-ef3a2e070316.jpeg', NULL, NULL, NULL, NULL, NULL, NULL, NULL, '1', '2022-08-22 08:39:23', '1', '2022-08-22 08:39:55', NULL, NULL, NULL, 'Y', NULL, NULL, NULL, NULL, NULL, NULL);
INSERT INTO `t_evgl_book_subject` VALUES ('6aa21df7b21d46d2ab10e21a0ac4c47b', '845786f2bfbf46398e3b495f6c7014bc', NULL, 'Java开发', '朱强', '北京出版社', '测试数据-不要删除', NULL, NULL, '/uploads/dict/dc876e98-8c12-40e8-ba45-f3d7c1b7721b.png', NULL, NULL, NULL, NULL, 10.00, 10.00, NULL, '1', '2019-08-17 14:11:23', NULL, NULL, NULL, NULL, NULL, 'Y', NULL, 5, NULL, 5, NULL, NULL);
INSERT INTO `t_evgl_book_subject` VALUES ('6ae74af8c02146a391c5a87745099683', NULL, NULL, 'Python语言', NULL, NULL, NULL, NULL, NULL, '/uploads/dict/a7a527c3-75e3-4039-8cf6-ef3a2e070316.jpeg', NULL, NULL, NULL, NULL, NULL, NULL, NULL, '1', '2022-03-02 14:33:41', NULL, NULL, NULL, NULL, NULL, 'Y', NULL, NULL, NULL, NULL, NULL, NULL);
INSERT INTO `t_evgl_book_subject` VALUES ('73142dbbfe8d43d082d5cfc6a055531d', '845786f2bfbf46398e3b495f6c7014bc', NULL, 'Bootstrap入门到实践', '创蓝教育', NULL, NULL, NULL, NULL, '/uploads/dict/a7a527c3-75e3-4039-8cf6-ef3a2e070316.jpeg', NULL, NULL, NULL, NULL, NULL, NULL, NULL, '1', '2021-01-14 14:06:31', '1', '2021-02-27 14:40:21', NULL, NULL, NULL, 'Y', NULL, NULL, NULL, NULL, NULL, NULL);
INSERT INTO `t_evgl_book_subject` VALUES ('73360e0b0374406193fe639aba538b09', '845786f2bfbf46398e3b495f6c7014bc', NULL, '软件测试工具篇', '创蓝教育-朱老师', '清华出版社', NULL, NULL, NULL, '/uploads/dict/a7a527c3-75e3-4039-8cf6-ef3a2e070316.jpeg', NULL, NULL, NULL, NULL, 10.00, 0.00, NULL, '1', '2020-12-29 17:18:49', '1', '2021-11-30 14:22:37', NULL, NULL, NULL, 'Y', NULL, NULL, NULL, NULL, NULL, NULL);
INSERT INTO `t_evgl_book_subject` VALUES ('7b544d35e3ff472eb89577f7957378da', '845786f2bfbf46398e3b495f6c7014bc', NULL, '面向对象分析与设计', '朱老师', '清华出版社', NULL, NULL, NULL, '/uploads/dict/a7a527c3-75e3-4039-8cf6-ef3a2e070316.jpeg', NULL, NULL, NULL, NULL, 5.00, 5.00, NULL, '1', '2021-03-04 15:37:14', '1', '2022-02-18 14:01:23', NULL, NULL, NULL, 'Y', NULL, NULL, NULL, NULL, NULL, NULL);
INSERT INTO `t_evgl_book_subject` VALUES ('7c764630c2e248fa9e20a159dd81cf97', '845786f2bfbf46398e3b495f6c7014bc', NULL, 'Java Web框架', '创蓝教育', '创蓝教育', NULL, NULL, NULL, '/uploads/dict/a7a527c3-75e3-4039-8cf6-ef3a2e070316.jpeg', NULL, NULL, NULL, NULL, NULL, NULL, NULL, '1', '2020-11-26 14:46:17', '1', '2021-11-30 14:20:49', NULL, NULL, NULL, 'Y', NULL, 4, NULL, 4, NULL, NULL);
INSERT INTO `t_evgl_book_subject` VALUES ('7d88ddc0e82f4180a9bf4be51c6b963c', '845786f2bfbf46398e3b495f6c7014bc', NULL, 'JavaScript高级', '创蓝教育', NULL, NULL, NULL, NULL, '/uploads/dict/a7a527c3-75e3-4039-8cf6-ef3a2e070316.jpeg', NULL, NULL, NULL, NULL, NULL, NULL, NULL, '1', '2021-01-15 08:46:05', '1', '2021-11-30 14:20:29', NULL, NULL, NULL, 'Y', NULL, NULL, NULL, NULL, NULL, NULL);
INSERT INTO `t_evgl_book_subject` VALUES ('7e78edda904343afa0f1e037e93a3bf9', '845786f2bfbf46398e3b495f6c7014bc', NULL, 'Mybatis入门到实战', '创蓝教育-朱强', '清华出版社', NULL, NULL, NULL, '/uploads/dict/a7a527c3-75e3-4039-8cf6-ef3a2e070316.jpeg', NULL, NULL, NULL, NULL, 5.00, 5.00, NULL, '1', '2021-01-12 14:01:19', '1', '2021-02-27 16:21:02', NULL, NULL, NULL, 'Y', NULL, 1, NULL, 1, NULL, NULL);
INSERT INTO `t_evgl_book_subject` VALUES ('7eb8d0da461c41aba70f66a0d697a491', '845786f2bfbf46398e3b495f6c7014bc', NULL, 'Thymeleaf学习手册', '创蓝教育', '创蓝教育', NULL, NULL, NULL, '/uploads/dict/a7a527c3-75e3-4039-8cf6-ef3a2e070316.jpeg', NULL, NULL, NULL, NULL, NULL, NULL, NULL, '1', '2020-12-30 16:06:08', '1', '2021-01-19 17:29:10', NULL, NULL, NULL, 'Y', NULL, NULL, NULL, NULL, NULL, NULL);
INSERT INTO `t_evgl_book_subject` VALUES ('821e9ee113f94c2a8b3e87d1775ed345', '10865', NULL, '数据结构', '创蓝教育', NULL, NULL, NULL, NULL, '/uploads/dict/8f1aee1e-ae01-41af-a2c1-7b8623ff6bc7.jpeg', NULL, NULL, NULL, NULL, NULL, NULL, NULL, '1', '2020-11-28 14:38:51', '1', '2021-02-27 14:40:08', NULL, NULL, NULL, 'Y', NULL, NULL, NULL, NULL, NULL, NULL);
INSERT INTO `t_evgl_book_subject` VALUES ('82b3fc16f2604cb7a4ff4f5863b8f6cd', '845786f2bfbf46398e3b495f6c7014bc', NULL, '软件测试基础篇', '创蓝教育-朱老师', '清华出版社', NULL, NULL, NULL, '/uploads/dict/a7a527c3-75e3-4039-8cf6-ef3a2e070316.jpeg', NULL, NULL, NULL, NULL, 10.00, NULL, NULL, '1', '2020-12-29 17:17:48', '1', '2021-02-27 14:44:16', NULL, NULL, NULL, 'Y', NULL, NULL, NULL, NULL, NULL, NULL);
INSERT INTO `t_evgl_book_subject` VALUES ('85599d5e53d5491d916f545080614e1e', NULL, NULL, 'JavaScript入门课程', '欧阳庆', NULL, NULL, NULL, NULL, '/uploads/dict/a7a527c3-75e3-4039-8cf6-ef3a2e070316.jpeg', NULL, NULL, NULL, NULL, NULL, NULL, NULL, '1', '2022-04-21 10:14:50', '1', '2022-07-30 17:23:09', NULL, NULL, NULL, 'Y', NULL, NULL, NULL, NULL, NULL, NULL);
INSERT INTO `t_evgl_book_subject` VALUES ('876533792fc44be58a98111628628ae7', '10865', NULL, 'C语言程序设计', '创蓝教育', NULL, NULL, NULL, NULL, '/uploads/dict/167a1a0e-3d75-4bb8-8196-cae2bee72d48.jpeg', NULL, NULL, NULL, NULL, NULL, NULL, NULL, '1', '2020-11-28 14:38:41', '1', '2021-02-27 14:40:04', NULL, NULL, NULL, 'Y', NULL, NULL, NULL, NULL, NULL, NULL);
INSERT INTO `t_evgl_book_subject` VALUES ('8c173db37f6b4ad79b970f307eef7b5a', NULL, NULL, '场景项目实战-微信小程序直播', NULL, NULL, NULL, NULL, NULL, '/uploads/dict/a7a527c3-75e3-4039-8cf6-ef3a2e070316.jpeg', NULL, NULL, NULL, NULL, NULL, NULL, NULL, '1', '2021-11-30 15:15:20', '1', '2021-11-30 15:35:27', NULL, NULL, NULL, 'Y', NULL, NULL, NULL, NULL, NULL, NULL);
INSERT INTO `t_evgl_book_subject` VALUES ('8caa381826284e0db5120321119fc0ab', '845786f2bfbf46398e3b495f6c7014bc', NULL, '职业素养', '创蓝教育-朱建武', '工业出版社', NULL, NULL, NULL, '/uploads/dict/a7a527c3-75e3-4039-8cf6-ef3a2e070316.jpeg', NULL, NULL, NULL, NULL, 5.00, 5.00, NULL, '1', '2020-12-27 12:25:02', '1', '2021-11-30 14:19:51', NULL, NULL, NULL, 'Y', NULL, NULL, NULL, NULL, NULL, NULL);
INSERT INTO `t_evgl_book_subject` VALUES ('92309f1a2a1e4caaa18182966c46bdfc', '845786f2bfbf46398e3b495f6c7014bc', NULL, '云计算架构技术与实践', '创蓝教育', '清华出版社', NULL, NULL, NULL, '/uploads/dict/9ecf5fa0-d8ec-461e-9645-2bd9607e58fa.jpeg', NULL, NULL, NULL, NULL, 5.00, 5.00, NULL, '1', '2021-02-04 15:19:34', '1', '2021-02-27 14:43:39', NULL, NULL, NULL, 'Y', NULL, NULL, NULL, NULL, NULL, NULL);
INSERT INTO `t_evgl_book_subject` VALUES ('925d7c9eb67a454b8bcfbbd244dcb652', '845786f2bfbf46398e3b495f6c7014bc', NULL, 'Paas容器云技术', '创蓝教育-朱老师', '清华出版社', NULL, NULL, NULL, '/uploads/dict/a7a527c3-75e3-4039-8cf6-ef3a2e070316.jpeg', NULL, NULL, NULL, NULL, 5.00, 5.00, NULL, '1', '2021-02-04 15:28:57', '1', '2021-02-27 14:43:35', NULL, NULL, NULL, 'Y', NULL, 1, NULL, 1, NULL, NULL);
INSERT INTO `t_evgl_book_subject` VALUES ('94c1b01d143746669ff9035d0dfc9511', '845786f2bfbf46398e3b495f6c7014bc', NULL, 'Spring框架技术', '创蓝教育-朱强', '创蓝教育', NULL, NULL, NULL, '/uploads/dict/a7a527c3-75e3-4039-8cf6-ef3a2e070316.jpeg', NULL, NULL, NULL, NULL, NULL, NULL, NULL, '1', '2020-11-26 14:45:55', '1', '2021-02-27 14:41:00', NULL, NULL, NULL, 'Y', NULL, NULL, NULL, NULL, NULL, NULL);
INSERT INTO `t_evgl_book_subject` VALUES ('9632eebb3844436582c160c334d03dda', '845786f2bfbf46398e3b495f6c7014bc', NULL, 'Maven项目实战', '创蓝教育-朱老师', '清华出版社', NULL, NULL, NULL, '/uploads/dict/a7a527c3-75e3-4039-8cf6-ef3a2e070316.jpeg', NULL, NULL, NULL, NULL, 5.00, 5.00, NULL, '1', '2020-12-27 16:29:50', '1', '2021-02-27 16:20:16', NULL, NULL, NULL, 'Y', NULL, 8, NULL, 8, NULL, NULL);
INSERT INTO `t_evgl_book_subject` VALUES ('9a65fe970e5948ab8105e3df7a78bc72', '845786f2bfbf46398e3b495f6c7014bc', NULL, '软件测试文档篇', '创蓝教育-朱老师', '清华出版社', NULL, NULL, NULL, '/uploads/dict/a7a527c3-75e3-4039-8cf6-ef3a2e070316.jpeg', NULL, NULL, NULL, NULL, 10.00, 0.00, NULL, '1', '2020-12-29 17:18:25', '1', '2021-11-30 14:22:30', NULL, NULL, NULL, 'Y', NULL, NULL, NULL, NULL, NULL, NULL);
INSERT INTO `t_evgl_book_subject` VALUES ('9c528ee3363949bfba35fae452c7a302', '845786f2bfbf46398e3b495f6c7014bc', NULL, 'Spring Cloud', '创蓝教育-朱强', '清华出版社', NULL, NULL, NULL, '/uploads/dict/a7a527c3-75e3-4039-8cf6-ef3a2e070316.jpeg', NULL, NULL, NULL, NULL, 3.00, 4.00, NULL, '1', '2021-01-15 08:56:03', '1', '2021-02-27 16:20:54', NULL, NULL, NULL, 'Y', NULL, NULL, NULL, NULL, NULL, NULL);
INSERT INTO `t_evgl_book_subject` VALUES ('9d7c03e423c54ffab6ec4158ca9c8dc2', NULL, NULL, '数据库原理', NULL, NULL, NULL, NULL, NULL, '/uploads/dict/a7a527c3-75e3-4039-8cf6-ef3a2e070316.jpeg', NULL, NULL, NULL, NULL, NULL, NULL, NULL, '1', '2022-03-02 14:07:34', NULL, NULL, NULL, NULL, NULL, 'Y', NULL, NULL, NULL, NULL, NULL, NULL);
INSERT INTO `t_evgl_book_subject` VALUES ('a01b2e27caad4afc9673279825bd0194', '845786f2bfbf46398e3b495f6c7014bc', NULL, '技能提升【IT培训】', '创蓝信息', '清华出版社', NULL, NULL, NULL, '/uploads/dict/a7a527c3-75e3-4039-8cf6-ef3a2e070316.jpeg', NULL, NULL, NULL, NULL, 10.00, 1000.00, NULL, '1', '2021-03-17 11:49:17', '1', '2022-04-27 14:26:26', NULL, NULL, NULL, 'Y', NULL, NULL, NULL, NULL, NULL, NULL);
INSERT INTO `t_evgl_book_subject` VALUES ('a0f3d1afeb524f63b36f05a701daa73c', '845786f2bfbf46398e3b495f6c7014bc', NULL, '虚拟化技术与应用', '创蓝教育-朱老师', '清华出版社', NULL, NULL, NULL, '/uploads/dict/94e3bdc3-1408-4c2e-8bfb-4b85897fcf3e.jpeg', NULL, NULL, NULL, NULL, 10.00, 10.00, NULL, '1', '2021-02-03 21:52:10', '1', '2021-02-27 14:43:25', NULL, NULL, NULL, 'Y', NULL, 1, NULL, 1, NULL, NULL);
INSERT INTO `t_evgl_book_subject` VALUES ('a413841be3ee40b9a339823b4997e6be', '845786f2bfbf46398e3b495f6c7014bc', NULL, 'Junit入门教程', '创蓝教育-朱老师', '清华出版社', NULL, NULL, NULL, '/uploads/dict/a7a527c3-75e3-4039-8cf6-ef3a2e070316.jpeg', NULL, NULL, NULL, NULL, 2.00, 2.00, NULL, '1', '2020-12-31 16:58:17', '1', '2021-02-27 14:44:28', NULL, NULL, NULL, 'Y', NULL, 1, NULL, 1, NULL, NULL);
INSERT INTO `t_evgl_book_subject` VALUES ('a5ef8cd3a90743cda129e596943f9065', '845786f2bfbf46398e3b495f6c7014bc', NULL, 'CSS3', '创蓝教育', NULL, NULL, NULL, NULL, '/uploads/dict/a7a527c3-75e3-4039-8cf6-ef3a2e070316.jpeg', NULL, NULL, NULL, NULL, NULL, NULL, NULL, '1', '2021-01-15 08:47:21', '1', '2021-04-15 16:28:04', NULL, NULL, NULL, 'Y', NULL, 1, NULL, 1, NULL, NULL);
INSERT INTO `t_evgl_book_subject` VALUES ('b22cb0d04c524cf7b66bbe139b23fb2e', '845786f2bfbf46398e3b495f6c7014bc', NULL, 'Eclipse使用手册', '创蓝教育', '创蓝教育', NULL, NULL, NULL, '/uploads/dict/9ecf5fa0-d8ec-461e-9645-2bd9607e58fa.jpeg', NULL, NULL, NULL, NULL, NULL, NULL, NULL, '1', '2021-01-06 09:37:50', '1', '2021-04-15 16:26:28', NULL, NULL, NULL, 'Y', NULL, 4, NULL, 4, NULL, NULL);
INSERT INTO `t_evgl_book_subject` VALUES ('b2a70e0141874b7d9f9524881816b6d7', NULL, NULL, 'NOSQL数据库技术与应用', NULL, '清华大学出版社', NULL, NULL, NULL, '/uploads/dict/a7a527c3-75e3-4039-8cf6-ef3a2e070316.jpeg', NULL, NULL, NULL, NULL, 5.00, NULL, NULL, '1', '2021-09-02 09:11:10', '1', '2021-12-13 20:27:42', NULL, NULL, NULL, 'Y', NULL, NULL, NULL, NULL, NULL, NULL);
INSERT INTO `t_evgl_book_subject` VALUES ('b8b9e687bde240eb86be4921e639c9e9', NULL, NULL, '场景项目实战-高并发秒杀', NULL, NULL, NULL, NULL, NULL, '/uploads/dict/a7a527c3-75e3-4039-8cf6-ef3a2e070316.jpeg', NULL, NULL, NULL, NULL, NULL, NULL, NULL, '1', '2021-11-30 15:10:25', '1', '2021-11-30 15:36:05', NULL, NULL, NULL, 'Y', NULL, NULL, NULL, NULL, NULL, NULL);
INSERT INTO `t_evgl_book_subject` VALUES ('bae586bee416414b8e14bf660a769cdc', '845786f2bfbf46398e3b495f6c7014bc', NULL, 'HTML5+CSS3权威指南', '创蓝教育-欧阳庆', '创蓝教育', NULL, NULL, NULL, '/uploads/dict/0e206b4b-4d80-49a2-ba5d-fe6aa3c449b2.jpeg', NULL, NULL, NULL, NULL, 48.00, 48.00, NULL, '1', '2019-08-16 20:28:00', '1', '2021-04-11 17:34:51', NULL, NULL, NULL, 'Y', NULL, 4, NULL, 4, NULL, NULL);
INSERT INTO `t_evgl_book_subject` VALUES ('c18636bf4ea942b0a0fa1bd2bed84473', '845786f2bfbf46398e3b495f6c7014bc', NULL, 'JQuery从入门到精通', '创蓝教育-欧阳庆', '清华大学出版社', NULL, NULL, NULL, '/uploads/dict/9ecf5fa0-d8ec-461e-9645-2bd9607e58fa.jpeg', NULL, NULL, NULL, NULL, 16.00, 16.00, NULL, '1', '2020-09-29 11:51:14', '1', '2021-04-15 16:15:39', NULL, NULL, NULL, 'Y', NULL, 1, NULL, 1, NULL, NULL);
INSERT INTO `t_evgl_book_subject` VALUES ('c206c9fa11bc402b8659484c3aa49e28', '845786f2bfbf46398e3b495f6c7014bc', NULL, '计算机网络', '朱老师', NULL, NULL, NULL, NULL, '/uploads/dict/9ecf5fa0-d8ec-461e-9645-2bd9607e58fa.jpeg', NULL, NULL, NULL, NULL, 1.00, NULL, NULL, '1', '2022-05-10 09:06:19', '1', '2022-05-10 09:07:17', NULL, NULL, NULL, 'Y', NULL, NULL, NULL, NULL, NULL, NULL);
INSERT INTO `t_evgl_book_subject` VALUES ('c2516d1329124d5fb8e5dc0f778d9cbb', '845786f2bfbf46398e3b495f6c7014bc', NULL, '企业内训', '朱老师', '清华出版社', NULL, NULL, NULL, '/uploads/dict/a7a527c3-75e3-4039-8cf6-ef3a2e070316.jpeg', NULL, NULL, NULL, NULL, 5.00, 5.00, NULL, '1', '2021-03-09 21:29:13', '1', '2022-04-27 14:26:36', NULL, NULL, NULL, 'Y', NULL, NULL, NULL, NULL, NULL, NULL);
INSERT INTO `t_evgl_book_subject` VALUES ('c3ca1b57413840a08d839283eefa1abd', '845786f2bfbf46398e3b495f6c7014bc', NULL, 'Linux Shell基础', NULL, NULL, NULL, NULL, NULL, '/uploads/dict/b0513d7c-68f4-4274-ac6c-cd27de83191e.jpeg', NULL, NULL, NULL, NULL, 4.00, 48.00, NULL, '1', '2019-09-01 10:10:07', NULL, NULL, NULL, NULL, NULL, 'Y', NULL, NULL, NULL, NULL, NULL, NULL);
INSERT INTO `t_evgl_book_subject` VALUES ('c620d433acb0421fbddf7444b0e5fb50', '845786f2bfbf46398e3b495f6c7014bc', NULL, 'Linux网络服务', NULL, NULL, NULL, NULL, NULL, '/uploads/dict/5ed41c82-5215-424e-bc61-2098cf7c8a24.jpeg', NULL, NULL, NULL, NULL, 2.00, 24.00, NULL, '1', '2019-09-01 10:11:21', NULL, NULL, NULL, NULL, NULL, 'Y', NULL, NULL, NULL, NULL, NULL, NULL);
INSERT INTO `t_evgl_book_subject` VALUES ('c66850dbd33748229aafed8f06077b04', '10865', NULL, '大学英语', '创蓝教育', NULL, NULL, NULL, NULL, '/uploads/dict/c26d1b25-61d4-4d33-be01-bb4ea534b09d.jpeg', NULL, NULL, NULL, NULL, NULL, NULL, NULL, '1', '2020-11-28 14:38:33', '1', '2021-02-27 14:40:11', NULL, NULL, NULL, 'Y', NULL, 1, NULL, 1, NULL, NULL);
INSERT INTO `t_evgl_book_subject` VALUES ('c6dd38d6efbc4981b6e12a7676db65ea', '845786f2bfbf46398e3b495f6c7014bc', NULL, '职场面试宝典', '创蓝教育', '清华出版社', NULL, NULL, NULL, '/uploads/dict/d179319c-8e02-4dc4-9288-598c4606c7b6.jpeg', NULL, NULL, NULL, NULL, 10.00, 10.00, NULL, '1', '2020-05-11 10:27:08', NULL, NULL, NULL, NULL, NULL, 'Y', NULL, NULL, NULL, NULL, NULL, NULL);
INSERT INTO `t_evgl_book_subject` VALUES ('c8fc7b47fec7490894052609b27bff59', '845786f2bfbf46398e3b495f6c7014bc', NULL, '软件测试入门到实战', NULL, '清华出版社', NULL, NULL, NULL, '/uploads/dict/9ecf5fa0-d8ec-461e-9645-2bd9607e58fa.jpeg', NULL, NULL, NULL, NULL, 12.00, NULL, NULL, '1', '2022-02-20 18:24:31', NULL, NULL, NULL, NULL, NULL, 'Y', NULL, NULL, NULL, NULL, NULL, NULL);
INSERT INTO `t_evgl_book_subject` VALUES ('cb2e6d2a527644cf84a23e78e312a004', '845786f2bfbf46398e3b495f6c7014bc', NULL, 'Linux系统管理', NULL, '清华出版社', NULL, NULL, NULL, '/uploads/dict/0e206b4b-4d80-49a2-ba5d-fe6aa3c449b2.jpeg', NULL, NULL, NULL, NULL, 4.00, 48.00, NULL, '1', '2019-09-01 10:09:34', NULL, NULL, NULL, NULL, NULL, 'Y', NULL, NULL, NULL, NULL, NULL, NULL);
INSERT INTO `t_evgl_book_subject` VALUES ('d5e4bfb3a2b7406493f30637be12b82f', '845786f2bfbf46398e3b495f6c7014bc', NULL, 'Java面试手册', '创蓝教育', '创蓝教育', NULL, NULL, NULL, '/uploads/dict/a7a527c3-75e3-4039-8cf6-ef3a2e070316.jpeg', NULL, NULL, NULL, NULL, NULL, NULL, NULL, '1', '2021-01-25 14:24:08', '1', '2021-11-30 14:19:23', NULL, NULL, NULL, 'Y', NULL, NULL, NULL, NULL, NULL, NULL);
INSERT INTO `t_evgl_book_subject` VALUES ('d77dd9efe0f44bc28b4229d8944a1d44', '845786f2bfbf46398e3b495f6c7014bc', NULL, 'Vue.js 入门到精通', '创蓝教育', '创蓝教育', NULL, NULL, NULL, '/uploads/dict/a7a527c3-75e3-4039-8cf6-ef3a2e070316.jpeg', NULL, NULL, NULL, NULL, NULL, NULL, NULL, '1', '2020-11-26 14:49:17', '1', '2021-04-15 16:13:57', NULL, NULL, NULL, 'Y', NULL, NULL, NULL, NULL, NULL, NULL);
INSERT INTO `t_evgl_book_subject` VALUES ('db104259994645b18409655a651436d5', '845786f2bfbf46398e3b495f6c7014bc', NULL, 'Node.js', '创蓝教育', NULL, NULL, NULL, NULL, '/uploads/dict/a7a527c3-75e3-4039-8cf6-ef3a2e070316.jpeg', NULL, NULL, NULL, NULL, NULL, NULL, NULL, '1', '2021-01-15 08:47:27', '1', '2021-02-27 14:40:17', NULL, NULL, NULL, 'Y', NULL, 6, NULL, 6, NULL, NULL);
INSERT INTO `t_evgl_book_subject` VALUES ('dbcc2b63ee914501bdbbf0976477b75c', '845786f2bfbf46398e3b495f6c7014bc', NULL, 'Oracle数据库开发', '创蓝教育-朱建武', '清华出版社', NULL, NULL, NULL, '/uploads/dict/a7a527c3-75e3-4039-8cf6-ef3a2e070316.jpeg', NULL, NULL, NULL, NULL, 10.00, 10.00, NULL, '1', '2020-12-06 15:06:04', '1', '2022-06-06 21:12:35', NULL, NULL, NULL, 'Y', NULL, NULL, NULL, NULL, NULL, NULL);
INSERT INTO `t_evgl_book_subject` VALUES ('dc626868f4664fd5923b12e6fad8fd28', '845786f2bfbf46398e3b495f6c7014bc', NULL, 'Springboot微服务', '创蓝教育-朱强', '清华出版社', NULL, NULL, NULL, '/uploads/dict/a7a527c3-75e3-4039-8cf6-ef3a2e070316.jpeg', NULL, NULL, NULL, NULL, 68.00, 68.00, NULL, '1', '2020-10-20 15:10:17', '1', '2021-02-27 16:20:29', NULL, NULL, NULL, 'Y', NULL, 3, NULL, 3, NULL, NULL);
INSERT INTO `t_evgl_book_subject` VALUES ('e876b0e419254157b539250c79ed7825', '845786f2bfbf46398e3b495f6c7014bc', NULL, '微信小程序', '创蓝教育', '创蓝教育', NULL, NULL, NULL, '/uploads/dict/a7a527c3-75e3-4039-8cf6-ef3a2e070316.jpeg', NULL, NULL, NULL, NULL, NULL, NULL, NULL, '1', '2021-01-20 08:35:09', '1', '2021-11-30 14:20:38', NULL, NULL, NULL, 'Y', NULL, NULL, NULL, NULL, NULL, NULL);
INSERT INTO `t_evgl_book_subject` VALUES ('f7042bd802dd4e019b144a3089e307ba', '845786f2bfbf46398e3b495f6c7014bc', NULL, 'SVN简易使用手册', '创蓝教育-朱老师', '清华出版社', NULL, NULL, NULL, '/uploads/dict/a7a527c3-75e3-4039-8cf6-ef3a2e070316.jpeg', NULL, NULL, NULL, NULL, 3.00, 3.00, NULL, '1', '2021-01-03 09:00:52', '1', '2021-02-27 14:44:33', NULL, NULL, NULL, 'Y', NULL, NULL, NULL, NULL, NULL, NULL);
INSERT INTO `t_evgl_book_subject` VALUES ('f7d052e69e8e45c4bad88dad68235b70', '845786f2bfbf46398e3b495f6c7014bc', NULL, 'JSTL开发手册', '创蓝教育', '清华出版社', NULL, NULL, NULL, '/uploads/dict/a7a527c3-75e3-4039-8cf6-ef3a2e070316.jpeg', NULL, NULL, NULL, NULL, 2.00, 2.00, NULL, '1', '2020-12-30 19:26:09', '1', '2021-04-15 16:29:12', NULL, NULL, NULL, 'Y', NULL, 5, NULL, 5, NULL, NULL);
INSERT INTO `t_evgl_book_subject` VALUES ('f82813634b784afa98d0ddb318839f66', '845786f2bfbf46398e3b495f6c7014bc', NULL, '云计算原理与实践', '创蓝教育', '清华出版社', NULL, NULL, NULL, '/uploads/dict/a7a527c3-75e3-4039-8cf6-ef3a2e070316.jpeg', NULL, NULL, NULL, NULL, 5.00, 5.00, NULL, '1', '2021-02-04 15:17:33', '1', '2021-02-27 14:43:48', NULL, NULL, NULL, 'Y', NULL, NULL, NULL, NULL, NULL, NULL);
INSERT INTO `t_evgl_book_subject` VALUES ('fbd9c67b3b45456081160b227578dce2', '845786f2bfbf46398e3b495f6c7014bc', NULL, 'Redis 教程', '朱老师', '清华出版社', NULL, NULL, NULL, '/uploads/dict/a7a527c3-75e3-4039-8cf6-ef3a2e070316.jpeg', NULL, NULL, NULL, NULL, 4.00, 5.00, NULL, '1', '2021-04-04 20:00:42', '1', '2021-04-11 17:35:44', NULL, NULL, NULL, 'Y', NULL, NULL, NULL, NULL, NULL, NULL);
INSERT INTO `t_evgl_book_subject` VALUES ('fc63267a9e4448878169c8c0dbb845b6', '845786f2bfbf46398e3b495f6c7014bc', NULL, 'MySQL开发必知必会篇', '创蓝教育-朱建武', '创蓝教育', NULL, NULL, NULL, '/uploads/dict/8f1aee1e-ae01-41af-a2c1-7b8623ff6bc7.jpeg', NULL, NULL, NULL, NULL, 4.00, 48.00, NULL, '1', '2019-08-16 20:30:37', '1', '2022-06-06 21:12:15', NULL, NULL, NULL, 'Y', NULL, 8, NULL, 8, NULL, NULL);
INSERT INTO `t_evgl_book_subject` VALUES ('ffae16e73f77457599d2a5538379daff', '845786f2bfbf46398e3b495f6c7014bc', NULL, '深入浅出JavaScript', '创蓝教育-欧阳庆', '创蓝教育', NULL, NULL, NULL, '/uploads/dict/94e3bdc3-1408-4c2e-8bfb-4b85897fcf3e.jpeg', NULL, NULL, NULL, NULL, 32.00, 32.00, NULL, '1', '2019-08-16 20:29:20', '1', '2021-04-15 16:27:36', NULL, NULL, NULL, 'Y', NULL, 3, NULL, 3, NULL, NULL);

-- ----------------------------
-- Records of t_evgl_book_subperiod
-- ----------------------------
INSERT INTO `t_evgl_book_subperiod` VALUES ('0185cc22cb5444e283966f41d57812d1', 'd9fbce2fba844ae6b34f69ce2278f191', '8caa381826284e0db5120321119fc0ab', NULL, '3', '1', NULL, NULL);
INSERT INTO `t_evgl_book_subperiod` VALUES ('045220e5218f458fa23f30a8a9649324', '1cd2c3ccaf814e04a2792da827ca91ed', 'a5ef8cd3a90743cda129e596943f9065', NULL, '1', '1', NULL, NULL);
INSERT INTO `t_evgl_book_subperiod` VALUES ('05879e09afd44e6b967dc493e6ae2da1', '1cd2c3ccaf814e04a2792da827ca91ed', '85599d5e53d5491d916f545080614e1e', NULL, '1', '1', NULL, NULL);
INSERT INTO `t_evgl_book_subperiod` VALUES ('0623f252562548bc8c57fa1896210b98', '4de2954d7e18476fbefe6d4d5f5d4903', 'a0f3d1afeb524f63b36f05a701daa73c', NULL, '1', '1', NULL, NULL);
INSERT INTO `t_evgl_book_subperiod` VALUES ('092e8b82abd6463893fbe2abb1cc609c', '1c5e7a77b9c94f1688b81e2f9739b6f2', 'fbd9c67b3b45456081160b227578dce2', NULL, '1', '1', NULL, NULL);
INSERT INTO `t_evgl_book_subperiod` VALUES ('0a0b4a5ea53046148886af5bbcfadc3b', '1c5e7a77b9c94f1688b81e2f9739b6f2', 'e76cdf87b7ee47548a6f9dcd86bb6d3b', NULL, '1', '1', NULL, NULL);
INSERT INTO `t_evgl_book_subperiod` VALUES ('0eb24774eff94f76af0bd8c442f942d3', '4de2954d7e18476fbefe6d4d5f5d4903', '108565bf604a4caf877f6bb577017835', NULL, '1', '1', NULL, NULL);
INSERT INTO `t_evgl_book_subperiod` VALUES ('1272957f41854a82bd720cfcf81e6b27', '4de2954d7e18476fbefe6d4d5f5d4903', '500692d733bd433a9fb1b5ee95af83a3', NULL, '2', '1', NULL, NULL);
INSERT INTO `t_evgl_book_subperiod` VALUES ('14405265f38b44e5a0dc406267bd0fd2', '4de2954d7e18476fbefe6d4d5f5d4903', 'dbcc2b63ee914501bdbbf0976477b75c', NULL, '1', '1', NULL, NULL);
INSERT INTO `t_evgl_book_subperiod` VALUES ('14a4a7b8543a46039ee7e9d68005a5cc', 'd9fbce2fba844ae6b34f69ce2278f191', '8ccf8d2aa23f4b35a72490c5de2debb1', NULL, '2', '1', NULL, NULL);
INSERT INTO `t_evgl_book_subperiod` VALUES ('1a06fc04b6fc4138aa742d29513e0a42', 'd9fbce2fba844ae6b34f69ce2278f191', 'b7606dd1b2124ac5ad1ca3de6e144081', NULL, '1', '1', NULL, NULL);
INSERT INTO `t_evgl_book_subperiod` VALUES ('1b8826b58e48467ca0e35d884301a760', 'd9fbce2fba844ae6b34f69ce2278f191', '8ad1f96ac88d46f6a6d3eddc1f50c554', NULL, '1', '1', NULL, NULL);
INSERT INTO `t_evgl_book_subperiod` VALUES ('1b961f64de764a76bbd27dc08b369e87', '83bc5ba73b5a4df793b2a0d1e3878da3', 'dbcc2b63ee914501bdbbf0976477b75c', NULL, '1', '1', NULL, NULL);
INSERT INTO `t_evgl_book_subperiod` VALUES ('20d4da7297b142b1a1e68ab3d028a4a1', '1cd2c3ccaf814e04a2792da827ca91ed', 'b22cb0d04c524cf7b66bbe139b23fb2e', NULL, '1', '1', NULL, NULL);
INSERT INTO `t_evgl_book_subperiod` VALUES ('21fe39ebb07b4062b64d9d247300561e', '1c5e7a77b9c94f1688b81e2f9739b6f2', '8caa381826284e0db5120321119fc0ab', NULL, '3', '1', NULL, NULL);
INSERT INTO `t_evgl_book_subperiod` VALUES ('231a52e3f7fc48d888050c2a7d42a4df', 'd9fbce2fba844ae6b34f69ce2278f191', 'fbd9c67b3b45456081160b227578dce2', NULL, '1', '1', NULL, NULL);
INSERT INTO `t_evgl_book_subperiod` VALUES ('234b62f7a2694c8ea39c13dd6de4feb7', '80aa274044704360901836e9c7dda760', 'c2516d1329124d5fb8e5dc0f778d9cbb', NULL, '1', '1', NULL, NULL);
INSERT INTO `t_evgl_book_subperiod` VALUES ('240dca93a5134d35b1d9e5f796f5b4b2', '1cd2c3ccaf814e04a2792da827ca91ed', '00141eb75c564018b8c68e7dda0e670a', NULL, '1', '1', NULL, NULL);
INSERT INTO `t_evgl_book_subperiod` VALUES ('2450c92faf7b472ab360457ea8f96023', '4de2954d7e18476fbefe6d4d5f5d4903', 'fc63267a9e4448878169c8c0dbb845b6', NULL, '2', '1', NULL, NULL);
INSERT INTO `t_evgl_book_subperiod` VALUES ('26bbc9dd37974835861a7c56ceece423', 'd9fbce2fba844ae6b34f69ce2278f191', '364f23a3e0214d9cb47b7eae5364b08f', NULL, '3', '1', NULL, NULL);
INSERT INTO `t_evgl_book_subperiod` VALUES ('26fbc797baf44f4dbb714fe884b9e666', '1cd2c3ccaf814e04a2792da827ca91ed', '7d88ddc0e82f4180a9bf4be51c6b963c', NULL, '2', '1', NULL, NULL);
INSERT INTO `t_evgl_book_subperiod` VALUES ('28f3d9db0b1a437da8f3a48efcbb8ad7', 'd9fbce2fba844ae6b34f69ce2278f191', '6a40e9c75e0a401eb16cd42ea4b70c17', NULL, '1', '1', NULL, NULL);
INSERT INTO `t_evgl_book_subperiod` VALUES ('2b6247ec227b4e518dd0e39980a102d0', '80aa274044704360901836e9c7dda760', '60eea332d7b0430db8af018a34b453cd', NULL, '1', '1', NULL, NULL);
INSERT INTO `t_evgl_book_subperiod` VALUES ('2f95406d76d84b15b5a2e2fe27595f6b', '1c5e7a77b9c94f1688b81e2f9739b6f2', 'dbcc2b63ee914501bdbbf0976477b75c', NULL, '1', '1', NULL, NULL);
INSERT INTO `t_evgl_book_subperiod` VALUES ('30742a612d5c4ac398bce2fa1925c716', 'd9fbce2fba844ae6b34f69ce2278f191', 'fc63267a9e4448878169c8c0dbb845b6', NULL, '2', '1', NULL, NULL);
INSERT INTO `t_evgl_book_subperiod` VALUES ('33c81a90a1f64585bc0a2df45a6d5940', '1c5e7a77b9c94f1688b81e2f9739b6f2', 'a413841be3ee40b9a339823b4997e6be', NULL, '2', '1', NULL, NULL);
INSERT INTO `t_evgl_book_subperiod` VALUES ('33d739d173ab404ba6a4f0e767619707', '83bc5ba73b5a4df793b2a0d1e3878da3', 'b2a70e0141874b7d9f9524881816b6d7', NULL, '1', '1', NULL, NULL);
INSERT INTO `t_evgl_book_subperiod` VALUES ('34fefa04b8774f6094e40ad43b981c83', 'd9fbce2fba844ae6b34f69ce2278f191', 'd5e4bfb3a2b7406493f30637be12b82f', NULL, '3', '2', NULL, NULL);
INSERT INTO `t_evgl_book_subperiod` VALUES ('359d9e1f0808481c802cd2c0dc7a3d89', '4de2954d7e18476fbefe6d4d5f5d4903', 'b2a70e0141874b7d9f9524881816b6d7', NULL, '1', '1', NULL, NULL);
INSERT INTO `t_evgl_book_subperiod` VALUES ('3616cbb22681469d9746e414acbc9912', 'd9fbce2fba844ae6b34f69ce2278f191', 'a5ef8cd3a90743cda129e596943f9065', NULL, '1', '1', NULL, NULL);
INSERT INTO `t_evgl_book_subperiod` VALUES ('372862a8ad2645ffb9572745d3bce20f', '1cd2c3ccaf814e04a2792da827ca91ed', 'ef61add6ea4343d3b7aa7692d43d0929', NULL, '1', '1', NULL, NULL);
INSERT INTO `t_evgl_book_subperiod` VALUES ('37b6100c51e841808df59d75804fc492', '1c5e7a77b9c94f1688b81e2f9739b6f2', 'b029ad4a2dd84b8092f862fe31499fb3', NULL, '1', '1', NULL, NULL);
INSERT INTO `t_evgl_book_subperiod` VALUES ('3818236e2d124e2cb1a9bb7751be456d', 'd9fbce2fba844ae6b34f69ce2278f191', '500692d733bd433a9fb1b5ee95af83a3', NULL, '2', '1', NULL, NULL);
INSERT INTO `t_evgl_book_subperiod` VALUES ('386558aef55541268b4bfd9e9de294a0', '4de2954d7e18476fbefe6d4d5f5d4903', '8caa381826284e0db5120321119fc0ab', NULL, '3', '1', NULL, NULL);
INSERT INTO `t_evgl_book_subperiod` VALUES ('3a507357cd344f0da2ff4e94adf03aa7', '1cd2c3ccaf814e04a2792da827ca91ed', '1784c2d9db124e10a0458b59485a3ba5', NULL, '1', '1', NULL, NULL);
INSERT INTO `t_evgl_book_subperiod` VALUES ('3f143d26908c4ae1958b729fee3b34ad', 'd9fbce2fba844ae6b34f69ce2278f191', '21c63e07ffa74684a3dfe5576a8e54c8', NULL, '1', '1', NULL, NULL);
INSERT INTO `t_evgl_book_subperiod` VALUES ('4152cb1332da419ba209c27c49e9b38b', '1c5e7a77b9c94f1688b81e2f9739b6f2', '3549227b64104427a13082d6acd701a5', NULL, '1', '1', NULL, NULL);
INSERT INTO `t_evgl_book_subperiod` VALUES ('464cf55c29ef4b62b3cdd76acbc374cb', '4de2954d7e18476fbefe6d4d5f5d4903', 'f82813634b784afa98d0ddb318839f66', NULL, '1', '1', NULL, NULL);
INSERT INTO `t_evgl_book_subperiod` VALUES ('4693a4f73c8f463b9ca1d309a9992a97', 'd9fbce2fba844ae6b34f69ce2278f191', 'dbcc2b63ee914501bdbbf0976477b75c', NULL, '1', '1', NULL, NULL);
INSERT INTO `t_evgl_book_subperiod` VALUES ('47513304701c478abf6097dbfeedae67', 'd9fbce2fba844ae6b34f69ce2278f191', '85599d5e53d5491d916f545080614e1e', NULL, '1', '1', NULL, NULL);
INSERT INTO `t_evgl_book_subperiod` VALUES ('477623e90b3c44688c0ad6f69d2645cf', 'd9fbce2fba844ae6b34f69ce2278f191', '3549227b64104427a13082d6acd701a5', NULL, '1', '1', NULL, NULL);
INSERT INTO `t_evgl_book_subperiod` VALUES ('497f9532064c4825bcf9fcc05cb0d0b2', '1cd2c3ccaf814e04a2792da827ca91ed', 'eef08ba56f00411b8ada56591d2bf2f7', NULL, '1', '1', NULL, NULL);
INSERT INTO `t_evgl_book_subperiod` VALUES ('4e56beddf6904d9aa8616370519ccec5', 'd9fbce2fba844ae6b34f69ce2278f191', '9c528ee3363949bfba35fae452c7a302', NULL, '2', '1', NULL, NULL);
INSERT INTO `t_evgl_book_subperiod` VALUES ('51c101d4bd1541b0b90129223cacd0ab', 'd9fbce2fba844ae6b34f69ce2278f191', '7b544d35e3ff472eb89577f7957378da', NULL, '2', '1', NULL, NULL);
INSERT INTO `t_evgl_book_subperiod` VALUES ('536ff2027de5469eba06da2ebce1594b', '1cd2c3ccaf814e04a2792da827ca91ed', 'bae586bee416414b8e14bf660a769cdc', NULL, '1', '1', NULL, NULL);
INSERT INTO `t_evgl_book_subperiod` VALUES ('54be823ec86342d1b93c72202803cad9', 'd9fbce2fba844ae6b34f69ce2278f191', '7c764630c2e248fa9e20a159dd81cf97', NULL, '2', '1', NULL, NULL);
INSERT INTO `t_evgl_book_subperiod` VALUES ('570871f1f2ea408496188c7e53d4dcfd', '1cd2c3ccaf814e04a2792da827ca91ed', '13ca236835294f6b9cbc21afce40aeba', NULL, '1', '2', NULL, NULL);
INSERT INTO `t_evgl_book_subperiod` VALUES ('57394d219db0415ca00b7d8a10e45137', '1c5e7a77b9c94f1688b81e2f9739b6f2', '73360e0b0374406193fe639aba538b09', NULL, '3', '1', NULL, NULL);
INSERT INTO `t_evgl_book_subperiod` VALUES ('5d9f93d4593a48ab9dc91d83ec0d69e6', 'd9fbce2fba844ae6b34f69ce2278f191', '9632eebb3844436582c160c334d03dda', NULL, '2', '1', NULL, NULL);
INSERT INTO `t_evgl_book_subperiod` VALUES ('614e12792692482bb2f18986de4100ef', '1cd2c3ccaf814e04a2792da827ca91ed', '43fbd8c14057434cb24cc882e0246df3', NULL, '2', '1', NULL, NULL);
INSERT INTO `t_evgl_book_subperiod` VALUES ('68dfca9a11e9432ba23c30bdb472dcb1', 'd9fbce2fba844ae6b34f69ce2278f191', 'c18636bf4ea942b0a0fa1bd2bed84473', NULL, '1', '1', NULL, NULL);
INSERT INTO `t_evgl_book_subperiod` VALUES ('6934c76f1c7646958bc22597f8e48ee9', '3bd04aeedb304e9aa6287932b3b5a1d8', '9d7c03e423c54ffab6ec4158ca9c8dc2', NULL, '1', '1', NULL, NULL);
INSERT INTO `t_evgl_book_subperiod` VALUES ('7093b8c63a194df5a062b0b09f6393e3', '1c5e7a77b9c94f1688b81e2f9739b6f2', 'fc63267a9e4448878169c8c0dbb845b6', NULL, '2', '1', NULL, NULL);
INSERT INTO `t_evgl_book_subperiod` VALUES ('73935de5e7ed4b13b8b23b3aa9102415', '1cd2c3ccaf814e04a2792da827ca91ed', 'f7d052e69e8e45c4bad88dad68235b70', NULL, '1', '1', NULL, NULL);
INSERT INTO `t_evgl_book_subperiod` VALUES ('76897989dae04020ae248abc15da7485', '1cd2c3ccaf814e04a2792da827ca91ed', '602a530d3bee4c8d98dcf928274116a6', NULL, '1', '1', NULL, NULL);
INSERT INTO `t_evgl_book_subperiod` VALUES ('774a451498af4aac94fca3cb64509d25', '83bc5ba73b5a4df793b2a0d1e3878da3', '500692d733bd433a9fb1b5ee95af83a3', NULL, '2', '1', NULL, NULL);
INSERT INTO `t_evgl_book_subperiod` VALUES ('77cb6909cc2a41098bb8ee8640a41e57', '1c5e7a77b9c94f1688b81e2f9739b6f2', 'b2a70e0141874b7d9f9524881816b6d7', NULL, '1', '1', NULL, NULL);
INSERT INTO `t_evgl_book_subperiod` VALUES ('79ce6ed4f76c458a947177463e72398f', '1c5e7a77b9c94f1688b81e2f9739b6f2', 'f7042bd802dd4e019b144a3089e307ba', NULL, '2', '2', NULL, NULL);
INSERT INTO `t_evgl_book_subperiod` VALUES ('7c61d6995cf64308bbfc6e343cf93116', 'd9fbce2fba844ae6b34f69ce2278f191', '8c173db37f6b4ad79b970f307eef7b5a', NULL, '3', '1', NULL, NULL);
INSERT INTO `t_evgl_book_subperiod` VALUES ('80d883c58a2f4d9c9cd7979ebd255529', 'd9fbce2fba844ae6b34f69ce2278f191', '386c9bf29e9b41e4ae2c85412956dece', NULL, '1', '1', NULL, NULL);
INSERT INTO `t_evgl_book_subperiod` VALUES ('83d579d4091c4e8094e5edc3cc520839', '1cd2c3ccaf814e04a2792da827ca91ed', '7c764630c2e248fa9e20a159dd81cf97', NULL, '2', '1', NULL, NULL);
INSERT INTO `t_evgl_book_subperiod` VALUES ('87a8ef156dc34e62812fe92c3098d572', '1cd2c3ccaf814e04a2792da827ca91ed', '021a89c209574ef8842f7ff4b53fc517', NULL, '1', '1', NULL, NULL);
INSERT INTO `t_evgl_book_subperiod` VALUES ('8a7b1cb75aef45038325e9b45f534869', '4de2954d7e18476fbefe6d4d5f5d4903', '925d7c9eb67a454b8bcfbbd244dcb652', NULL, '1', '1', NULL, NULL);
INSERT INTO `t_evgl_book_subperiod` VALUES ('8c15817865b74aafb194bb42101d4dfa', '83bc5ba73b5a4df793b2a0d1e3878da3', '8caa381826284e0db5120321119fc0ab', NULL, '3', '1', NULL, NULL);
INSERT INTO `t_evgl_book_subperiod` VALUES ('949f35da3efd406ab389de0543b9f584', '1cd2c3ccaf814e04a2792da827ca91ed', '5bae83c5a50046789e29c29a2ca04025', NULL, '1', '1', NULL, NULL);
INSERT INTO `t_evgl_book_subperiod` VALUES ('96d700bbb0b44e48bde50acb8826eaf3', 'd9fbce2fba844ae6b34f69ce2278f191', '7eb8d0da461c41aba70f66a0d697a491', NULL, '1', '1', NULL, NULL);
INSERT INTO `t_evgl_book_subperiod` VALUES ('9bc1d8e814434f3a843678fe3c446da8', 'd9fbce2fba844ae6b34f69ce2278f191', 'bae586bee416414b8e14bf660a769cdc', NULL, '1', '1', NULL, NULL);
INSERT INTO `t_evgl_book_subperiod` VALUES ('a15547a76c204b84b5b82f1ccb3e4011', 'd9fbce2fba844ae6b34f69ce2278f191', 'b8b9e687bde240eb86be4921e639c9e9', NULL, '3', '1', NULL, NULL);
INSERT INTO `t_evgl_book_subperiod` VALUES ('a1e4e29a11914426b1fc77de6f954494', '1c5e7a77b9c94f1688b81e2f9739b6f2', 'b440fbe72e514fe59c4b694a763bcbe2', NULL, '1', '1', NULL, NULL);
INSERT INTO `t_evgl_book_subperiod` VALUES ('a493b8ab6bbf4328a97104a190b78f6c', 'd9fbce2fba844ae6b34f69ce2278f191', '94c1b01d143746669ff9035d0dfc9511', NULL, '1', '1', NULL, NULL);
INSERT INTO `t_evgl_book_subperiod` VALUES ('a7d7f89d295e4dc593157a13fa8d2559', '4de2954d7e18476fbefe6d4d5f5d4903', 'fbd9c67b3b45456081160b227578dce2', NULL, '1', '1', NULL, NULL);
INSERT INTO `t_evgl_book_subperiod` VALUES ('a8764902264645ed93fe5b2260f9d677', '3bd04aeedb304e9aa6287932b3b5a1d8', '876533792fc44be58a98111628628ae7', NULL, '1', '1', NULL, NULL);
INSERT INTO `t_evgl_book_subperiod` VALUES ('aa8882e092fc415c9bdd01744a6492b1', 'd9fbce2fba844ae6b34f69ce2278f191', 'b22cb0d04c524cf7b66bbe139b23fb2e', NULL, '1', '1', NULL, NULL);
INSERT INTO `t_evgl_book_subperiod` VALUES ('ac716f32a5014eb89db940c658ed28a2', 'd9fbce2fba844ae6b34f69ce2278f191', 'ffae16e73f77457599d2a5538379daff', NULL, '1', '1', NULL, NULL);
INSERT INTO `t_evgl_book_subperiod` VALUES ('aecd7d937d6f4bdcae6bb1b1b61d4f73', '1c5e7a77b9c94f1688b81e2f9739b6f2', '82b3fc16f2604cb7a4ff4f5863b8f6cd', NULL, '1', '1', NULL, NULL);
INSERT INTO `t_evgl_book_subperiod` VALUES ('b15d8f706de44f688765df7991cc5fbe', '3bd04aeedb304e9aa6287932b3b5a1d8', '4b6aeffa4e5242528de1dce06c1a6d1e', NULL, '1', '1', NULL, NULL);
INSERT INTO `t_evgl_book_subperiod` VALUES ('b7e6c1ad0bf343be8f13b221051af0b9', '3bd04aeedb304e9aa6287932b3b5a1d8', '821e9ee113f94c2a8b3e87d1775ed345', NULL, '1', '1', NULL, NULL);
INSERT INTO `t_evgl_book_subperiod` VALUES ('b8f315087c4e499ab73d2aca6369a4f1', '83bc5ba73b5a4df793b2a0d1e3878da3', '7b544d35e3ff472eb89577f7957378da', NULL, '2', '1', NULL, NULL);
INSERT INTO `t_evgl_book_subperiod` VALUES ('b9bf5979d592495a9635567d35165cfd', 'd9fbce2fba844ae6b34f69ce2278f191', 'd77dd9efe0f44bc28b4229d8944a1d44', NULL, '1', '1', NULL, NULL);
INSERT INTO `t_evgl_book_subperiod` VALUES ('b9e8eefba5474e67b6dd1e90eb84eb8a', '3bd04aeedb304e9aa6287932b3b5a1d8', '6ae74af8c02146a391c5a87745099683', NULL, '1', '1', NULL, NULL);
INSERT INTO `t_evgl_book_subperiod` VALUES ('ba27eef7651a42949283d2263461e3a1', '83bc5ba73b5a4df793b2a0d1e3878da3', '5c116732182b41868f20946cbc81ed1a', NULL, '2', '1', NULL, NULL);
INSERT INTO `t_evgl_book_subperiod` VALUES ('c31928b5026a4e86975bedadb3f4ef0f', '3bd04aeedb304e9aa6287932b3b5a1d8', 'c66850dbd33748229aafed8f06077b04', NULL, '1', '1', NULL, NULL);
INSERT INTO `t_evgl_book_subperiod` VALUES ('c350e8198f60418facd7e9dc957928bb', '80aa274044704360901836e9c7dda760', 'a01b2e27caad4afc9673279825bd0194', NULL, '1', '1', NULL, NULL);
INSERT INTO `t_evgl_book_subperiod` VALUES ('c5ba9efed2ee4160b1defd4a2a7dbd27', '4de2954d7e18476fbefe6d4d5f5d4903', '3549227b64104427a13082d6acd701a5', NULL, '1', '1', NULL, NULL);
INSERT INTO `t_evgl_book_subperiod` VALUES ('c6054ef74c1748328f75f9db51a4c775', '1cd2c3ccaf814e04a2792da827ca91ed', '8caa381826284e0db5120321119fc0ab', NULL, '3', '1', NULL, NULL);
INSERT INTO `t_evgl_book_subperiod` VALUES ('c68fcf4e9d34422e8bfa498012f3d8cf', '1c5e7a77b9c94f1688b81e2f9739b6f2', '9a65fe970e5948ab8105e3df7a78bc72', NULL, '2', '1', NULL, NULL);
INSERT INTO `t_evgl_book_subperiod` VALUES ('c8bb590fc1bd4e928ab89391e65b938b', '3bd04aeedb304e9aa6287932b3b5a1d8', '3b62f0bec6e14e978925c051c5527594', NULL, '1', '1', NULL, NULL);
INSERT INTO `t_evgl_book_subperiod` VALUES ('c8d450c4c531412388b0b45eadea03ac', '1cd2c3ccaf814e04a2792da827ca91ed', '57c1abe437904705b8a3c4fa66f5e40d', NULL, '1', '1', NULL, NULL);
INSERT INTO `t_evgl_book_subperiod` VALUES ('cc624772f6af4b10b99b4199abfe974b', 'd9fbce2fba844ae6b34f69ce2278f191', '2ca65b4e0bb54133881350ba9da529d5', NULL, '2', '1', NULL, NULL);
INSERT INTO `t_evgl_book_subperiod` VALUES ('d35785d1608d4edda889fd706c6e969f', 'd9fbce2fba844ae6b34f69ce2278f191', '1c0f39a6df88407881f3cfc44c9c7839', NULL, '1', '1', NULL, NULL);
INSERT INTO `t_evgl_book_subperiod` VALUES ('d3b7289a801f40f2b630f6a10bbad293', '83bc5ba73b5a4df793b2a0d1e3878da3', '3549227b64104427a13082d6acd701a5', NULL, '1', '1', NULL, NULL);
INSERT INTO `t_evgl_book_subperiod` VALUES ('d47706dd96e94a8ebc487ecbd04a5494', 'd9fbce2fba844ae6b34f69ce2278f191', '630337df1a554493a062026e3c183ddf', NULL, '1', '1', NULL, NULL);
INSERT INTO `t_evgl_book_subperiod` VALUES ('d4ef17b7d3b140e581ada005ad01602b', '83bc5ba73b5a4df793b2a0d1e3878da3', 'fbd9c67b3b45456081160b227578dce2', NULL, '1', '1', NULL, NULL);
INSERT INTO `t_evgl_book_subperiod` VALUES ('d5c881c64e7e41d4ab50459c0b355458', 'd9fbce2fba844ae6b34f69ce2278f191', '0d60d87ab9ab41afaad2c3e469f7ea44', NULL, '1', '1', NULL, NULL);
INSERT INTO `t_evgl_book_subperiod` VALUES ('da109afd0d104253a48de33bf4ecedaf', '1c5e7a77b9c94f1688b81e2f9739b6f2', 'c8fc7b47fec7490894052609b27bff59', NULL, '1', '1', NULL, NULL);
INSERT INTO `t_evgl_book_subperiod` VALUES ('dc7291d6d1054c0cb57338d836b47ee8', '3bd04aeedb304e9aa6287932b3b5a1d8', 'c206c9fa11bc402b8659484c3aa49e28', NULL, '1', '1', NULL, NULL);
INSERT INTO `t_evgl_book_subperiod` VALUES ('e010b61f278c4765b8a98c5b679962bd', 'd9fbce2fba844ae6b34f69ce2278f191', '13ca236835294f6b9cbc21afce40aeba', NULL, '1', '2', NULL, NULL);
INSERT INTO `t_evgl_book_subperiod` VALUES ('e4b729999bf54cbf8038e8d7a9993c3b', '1cd2c3ccaf814e04a2792da827ca91ed', '00f92f0079354ecb93b620ffbb39b378', NULL, '1', '1', NULL, NULL);
INSERT INTO `t_evgl_book_subperiod` VALUES ('e59b4bf9bef44277a62fecf0084f9cac', '1cd2c3ccaf814e04a2792da827ca91ed', 'db104259994645b18409655a651436d5', NULL, '1', '1', NULL, NULL);
INSERT INTO `t_evgl_book_subperiod` VALUES ('e6eafcdb5ee94663b3c87de1e6f6cec3', '1cd2c3ccaf814e04a2792da827ca91ed', 'ffae16e73f77457599d2a5538379daff', NULL, '1', '1', NULL, NULL);
INSERT INTO `t_evgl_book_subperiod` VALUES ('e9c335d4da45434e80ed6b00626d9a4f', 'd9fbce2fba844ae6b34f69ce2278f191', 'dc626868f4664fd5923b12e6fad8fd28', NULL, '2', '1', NULL, NULL);
INSERT INTO `t_evgl_book_subperiod` VALUES ('ea21b238915a4e0facc34c9a947da0c2', '4de2954d7e18476fbefe6d4d5f5d4903', '92309f1a2a1e4caaa18182966c46bdfc', NULL, '1', '1', NULL, NULL);
INSERT INTO `t_evgl_book_subperiod` VALUES ('ea68dd563f504524ac50fd36979056a0', '4de2954d7e18476fbefe6d4d5f5d4903', '5ff90ffc939c4fc082d8b49e703fb391', NULL, '1', '1', NULL, NULL);
INSERT INTO `t_evgl_book_subperiod` VALUES ('eba7a753c51e425da19bfee1d8a7bdf6', '1cd2c3ccaf814e04a2792da827ca91ed', 'e876b0e419254157b539250c79ed7825', NULL, '2', '1', NULL, NULL);
INSERT INTO `t_evgl_book_subperiod` VALUES ('ee74926cae7044169fd0ed31e25e6ae2', 'd9fbce2fba844ae6b34f69ce2278f191', '1784c2d9db124e10a0458b59485a3ba5', NULL, '1', '1', NULL, NULL);
INSERT INTO `t_evgl_book_subperiod` VALUES ('eec7c344413a476aaba5d28f67dbd9f4', 'd9fbce2fba844ae6b34f69ce2278f191', '56b2075ba04f44728038a38e76aeb24a', NULL, '2', '1', NULL, NULL);
INSERT INTO `t_evgl_book_subperiod` VALUES ('f003a4725d444590a00920481eb6e9b2', 'd9fbce2fba844ae6b34f69ce2278f191', '7e78edda904343afa0f1e037e93a3bf9', NULL, '2', '1', NULL, NULL);
INSERT INTO `t_evgl_book_subperiod` VALUES ('f042005f06e045549031d2436e3939d6', '3bd04aeedb304e9aa6287932b3b5a1d8', '081b273427004542ab67feb61cc26617', NULL, '1', '1', NULL, NULL);
INSERT INTO `t_evgl_book_subperiod` VALUES ('f1c2aa825c9748c88683bf7f1571cbfa', '1cd2c3ccaf814e04a2792da827ca91ed', 'd77dd9efe0f44bc28b4229d8944a1d44', NULL, '1', '1', NULL, NULL);
INSERT INTO `t_evgl_book_subperiod` VALUES ('f5b53400a03d4a6e8514794fb7219d02', '1cd2c3ccaf814e04a2792da827ca91ed', '0d60d87ab9ab41afaad2c3e469f7ea44', NULL, '1', '1', NULL, NULL);
INSERT INTO `t_evgl_book_subperiod` VALUES ('f979119aac5a444eb8e50b72433b2448', '1cd2c3ccaf814e04a2792da827ca91ed', 'c18636bf4ea942b0a0fa1bd2bed84473', NULL, '1', '1', NULL, NULL);
INSERT INTO `t_evgl_book_subperiod` VALUES ('fa30843c5dd140068dad12a713df5c28', 'd9fbce2fba844ae6b34f69ce2278f191', '00141eb75c564018b8c68e7dda0e670a', NULL, '1', '1', NULL, NULL);
INSERT INTO `t_evgl_book_subperiod` VALUES ('fb58f9a672db46de9b34eac9b9e483ad', 'd9fbce2fba844ae6b34f69ce2278f191', 'f7d052e69e8e45c4bad88dad68235b70', NULL, '1', '1', NULL, NULL);
INSERT INTO `t_evgl_book_subperiod` VALUES ('fbad10774d3d475fa5cced755b381a05', '1cd2c3ccaf814e04a2792da827ca91ed', 'ddd66427d8ce4a47adcba388422bf5ad', NULL, '1', '1', NULL, NULL);
INSERT INTO `t_evgl_book_subperiod` VALUES ('ff20f54227874eff9af2e08cd1d0f994', '83bc5ba73b5a4df793b2a0d1e3878da3', 'fc63267a9e4448878169c8c0dbb845b6', NULL, '2', '1', NULL, NULL);
INSERT INTO `t_evgl_book_subperiod` VALUES ('ff57237c8eb14e47ad8758c1dd552494', '1cd2c3ccaf814e04a2792da827ca91ed', '73142dbbfe8d43d082d5cfc6a055531d', NULL, '1', '1', NULL, NULL);

-- ----------------------------
-- Records of t_evgl_forum_friend
-- ----------------------------
INSERT INTO `t_evgl_forum_friend` VALUES ('03a473f911cc4c6780d314af0507302d', 'DebugTalk', '5', '笔名：九毫，英文名：Leo Lee，网络ID：debugtalk。探索一个软件工程师的无限可能。', 'https://debugtalk.com/', '9cee72fc-dd07-48c2-8820-aefe36ed13e6.jpeg', '1', '2021-04-18 20:14:07', NULL, NULL, 'Y', NULL, 1, 'N');
INSERT INTO `t_evgl_forum_friend` VALUES ('051f29b2baa64655980a59a5ce983805', '新版windows', '1', '时时发布最新的windows操作系统beta版，正式版等', 'https://uupdump.net/', 'fa2ba90b-ca08-4745-b459-e7d50e32a213.png', '1', '2021-04-25 11:03:07', NULL, NULL, 'Y', NULL, 11, 'N');
INSERT INTO `t_evgl_forum_friend` VALUES ('07c757d4288a4167a376d37ab7494b0b', '腾讯云', '775adedf947f4c429fc27e26a5dc6f25', '腾讯云，国内首屈一指的一站式云服务', 'https://cloud.tencent.com/', '741d10ac-830c-42db-845b-9614c6129af0.jpeg', '1', '2021-04-22 16:37:46', NULL, NULL, 'Y', NULL, 4, 'N');
INSERT INTO `t_evgl_forum_friend` VALUES ('09f850cb3b934945bb709f2e2b89f3b5', 'jQuery', '4', 'jQuery 官网', 'https://jquery.com/', '504d9d8b-1a95-4c8f-a7d0-01f25df08cae.png', '1', '2021-04-22 16:58:04', NULL, NULL, 'Y', NULL, 7, 'N');
INSERT INTO `t_evgl_forum_friend` VALUES ('10c16661b3a640a281d5dd17ac25167c', '改图鸭', '4', '改图鸭网站提供图片压缩、图片编辑、图片转文字等功能，其中图片压缩工具简单几步即可批量对PNG、JPG、GIF等格式的图片进行压缩处理，支持自定义设定图片压缩大小限制', 'https://www.gaituya.com/', '67eb4aef-2723-4bd3-a769-0bc3072cb763.png', '1', '2022-01-16 12:17:30', NULL, NULL, 'Y', NULL, 28, 'N');
INSERT INTO `t_evgl_forum_friend` VALUES ('140acc767b6f45a9b6bf1bd58ae63c18', '京东云', '775adedf947f4c429fc27e26a5dc6f25', '京东云是京东科技集团旗下领先的云计算品牌,依托于京东科技集团在人工智能、大数据、云计算、物联网领域的前沿科技能力,提供包含公有云、专有云、混合云在内的多云、安全、可信赖的基础云服', 'https://www.jdcloud.com/', '7563dd1b-eb92-48cb-9b44-8f9824a1d9e1.png', '1', '2021-04-22 16:42:27', NULL, NULL, 'Y', NULL, 8, 'N');
INSERT INTO `t_evgl_forum_friend` VALUES ('14228d9a0465479d8a10bb17975f22df', 'SegmentFault', 'd1081c2ecc794b5db185590181c03d2e', '中文领域优秀的技术问答交流社区平台。', 'https://segmentfault.com/', 'c63cd039-4333-4ea2-8d18-648f2f1e7b79.png', '1', '2021-04-18 20:21:32', NULL, NULL, 'Y', NULL, 10, 'N');
INSERT INTO `t_evgl_forum_friend` VALUES ('16890ffc86d04b2393e5beced66148e2', '天翼云盘', '775adedf947f4c429fc27e26a5dc6f25', '提供磁力离线下载功能，由迅雷云提供', 'https://cloud.189.cn/', '66cfde03-2e3c-46b1-bd2e-1583ed7ab6c4.png', '1', '2021-05-16 19:39:48', NULL, NULL, 'Y', NULL, 9, 'N');
INSERT INTO `t_evgl_forum_friend` VALUES ('16be5f6af42d49978d65e59f3fe77c7a', '测试窝', 'd1081c2ecc794b5db185590181c03d2e', '以软件测试为主题的社区门户，开源非盈利的技术平台。', 'https://www.testwo.com/', '4eacfcda-0e58-4945-8f95-1ff9313a369d.png', '1', '2021-04-18 20:06:19', NULL, NULL, 'Y', NULL, 5, 'N');
INSERT INTO `t_evgl_forum_friend` VALUES ('19f10b221ff44a1490d9350aca8392b2', 'TabNine代码补全工具', '3', 'AI辅助写代码神器', 'https://www.tabnine.com/', '71982b0d-24e8-4657-b981-61bc8b623e83.png', '1', '2021-12-15 22:44:24', NULL, NULL, 'Y', NULL, 4, 'N');
INSERT INTO `t_evgl_forum_friend` VALUES ('1a4413fc4e024b1291daa7842848f8d5', 'webpack', '4', '一个模块打包器，打包所有的资源', 'https://webpack.js.org/', '8be5bbe6-37eb-4175-993e-40a70768226b.png', '1', '2021-04-22 16:55:37', NULL, NULL, 'Y', NULL, 5, 'N');
INSERT INTO `t_evgl_forum_friend` VALUES ('1bb750be2dbe46018fcf160ca7055d4c', '51Testing', 'd1081c2ecc794b5db185590181c03d2e', '国内软件测试门户网站与交流平台。', 'http://www.51testing.com/', 'c87c2e3f-c1d2-45cd-8871-8dbbcb1e9cda.jpeg', '1', '2021-04-18 20:08:52', NULL, NULL, 'Y', NULL, 7, 'N');
INSERT INTO `t_evgl_forum_friend` VALUES ('1fdfd4ccf1514974b2840dcc841b1ece', '长沙本地人才网', '3efdba02b35d4e169bab9f3487e16793', '长沙本地人才招聘网', 'https://www.0731hr.com.cn/', 'f1250f7e-f1b3-4e1e-bc04-7f0b57a12bf9.png', '1', '2021-04-25 11:11:06', NULL, NULL, 'Y', NULL, 7, 'N');
INSERT INTO `t_evgl_forum_friend` VALUES ('1ff5da51d902400ba971bcf7f0388b69', 'PearOCR', '1', '在线图片转文字', 'https://pearocr.com/', 'c6d5dd24-eb84-4a50-b885-8bbe09cad6c8.png', '1', '2021-09-01 17:46:09', NULL, NULL, 'Y', NULL, 15, 'Y');
INSERT INTO `t_evgl_forum_friend` VALUES ('20a540be46514b7fa4462e84d4f7bfa7', 'Json.cn', '3', '学习前端的各类技术的综合资料库网', 'https://www.json.cn/', '472f1350-dd22-4b84-88ff-20fdeb5a1368.png', '1', '2021-05-13 21:51:55', NULL, NULL, 'Y', NULL, 2, 'N');
INSERT INTO `t_evgl_forum_friend` VALUES ('23ff660c639b4432a0ba00b3f53a76ea', '领测软件测试网', 'd1081c2ecc794b5db185590181c03d2e', '软件测试行业综合性门户网站。', 'http://www.ltesting.net/', 'efe3ba6f-7bfc-49a1-abf3-2dcd9e7b412b.jpeg', '1', '2021-04-18 20:09:47', NULL, NULL, 'Y', NULL, 8, 'N');
INSERT INTO `t_evgl_forum_friend` VALUES ('249494b7fb38418095cf40b1c6c36c50', 'CSSLayout', '4', '优秀的样式设计', 'https://csslayout.io/', '28392acb-58f1-4833-8bd8-625f37cfd2f3.jpeg', '1', '2021-12-04 08:51:09', NULL, NULL, 'Y', NULL, 27, 'N');
INSERT INTO `t_evgl_forum_friend` VALUES ('25ecc4953e88446c9cc8cc165d8030f0', '智联招聘', '3efdba02b35d4e169bab9f3487e16793', '全国招聘网是全国权威的求职找工作平台', 'http://www.zhaopin.com', 'aa158078-12e8-4e56-948b-931225a4c8f2.png', '1', '2021-04-18 21:01:02', NULL, NULL, 'Y', NULL, 2, 'N');
INSERT INTO `t_evgl_forum_friend` VALUES ('261a338c78874244b8cbbe3424892812', 'UCloud', '775adedf947f4c429fc27e26a5dc6f25', '国内知名的中立云服务', 'https://www.ucloud.cn/', '89fa7764-2cf9-4d09-8ebb-110e1903401e.jpeg', '1', '2021-04-22 16:37:07', NULL, NULL, 'Y', NULL, 3, 'N');
INSERT INTO `t_evgl_forum_friend` VALUES ('27c026e26311431ab64878a4df8af0e0', 'Bootstrap', '4', 'Bootstrap 官网', 'https://getbootstrap.com/', '251fcfe3-ed4e-4496-95ab-91dce8d67789.png', '1', '2021-04-22 16:59:04', NULL, NULL, 'Y', NULL, 8, 'N');
INSERT INTO `t_evgl_forum_friend` VALUES ('28c145c4c5554c4298f61a20b6e5f595', 'isTester', 'd1081c2ecc794b5db185590181c03d2e', '软件测试从业者综合能力提升，技术从业者非工资收入探索。', 'http://istester.com/', '454e119e-cc2f-4cca-a073-eb5c7504e918.jpeg', '1', '2021-04-18 20:07:56', NULL, NULL, 'Y', NULL, 6, 'N');
INSERT INTO `t_evgl_forum_friend` VALUES ('2f2c6c589b3940f78610e7c9db1ffde6', 'Dribbble', '4', '全球UI设计师作品分享平台。', 'https://dribbble.com/', 'e4c37af5-0ef8-401a-a073-178cb53b0d48.png', '1', '2021-04-23 19:00:12', NULL, NULL, 'Y', NULL, 15, 'N');
INSERT INTO `t_evgl_forum_friend` VALUES ('330e35350e134f21b184fd83ad072ba4', 'IconFont', '1', '阿里矢量图标库，且提供矢量图标下载、在线存储、格式转换等功能', 'https://www.iconfont.cn/', '41c66a77-3cb3-4440-9f6e-29b48d50edc1.png', '1', '2021-03-16 14:26:25', '1', '2021-04-18 21:32:51', 'Y', NULL, NULL, 'Y');
INSERT INTO `t_evgl_forum_friend` VALUES ('3c4fa9507b9b4d50bde864ef7d1d6c07', 'Docker — 从入门到实践', '3', 'Docker — 从入门到实践，技术文档，比较靠谱', 'https://yeasy.gitbook.io/docker_practice/', '0de02816-cde2-4602-b60a-6edec3992699.png', '1', '2021-04-22 17:13:05', NULL, NULL, 'Y', NULL, 1, 'N');
INSERT INTO `t_evgl_forum_friend` VALUES ('3e34233ceddf493bbaa379686fc0279e', '摄图网', '4', '', 'https://699pic.com/', 'fd1e5d42-7dc1-4f07-a2b3-c3aed9e71244.png', '1', '2021-05-09 17:07:54', NULL, NULL, 'Y', NULL, 20, 'N');
INSERT INTO `t_evgl_forum_friend` VALUES ('42c6482649044a3597da4a4a170586b2', 'Cloudflare', '775adedf947f4c429fc27e26a5dc6f25', '互联网加速综合服务，支持一站式CDN服务', 'https://www.cloudflare.com/zh-cn/', '91512c2b-0bdc-482e-a733-883f5e104285.png', '1', '2021-04-22 16:39:06', NULL, NULL, 'Y', NULL, 6, 'N');
INSERT INTO `t_evgl_forum_friend` VALUES ('449f4f40dcf54f6eafb86049d032fa1c', '包图网', '4', '专注原创商用设计图片下载，会员免费设计素材模板', 'https://ibaotu.com/', 'bf3a76d3-96e9-4dba-8f7f-dbdf743f4bc5.png', '1', '2021-05-09 17:11:57', NULL, NULL, 'Y', NULL, 22, 'N');
INSERT INTO `t_evgl_forum_friend` VALUES ('4eb2c6e0d2ff4827b6c3a6e3738d25dc', '开发电子书库', '1', 'Java开发常用的电子书库', 'https://github.com/ebooklist/awesome-ebooks-list', '5eadd046-6ac2-45c1-9be2-e703cbb9d168.png', '1', '2021-05-13 14:21:10', NULL, NULL, 'Y', NULL, 13, 'N');
INSERT INTO `t_evgl_forum_friend` VALUES ('504e43707e3945e6995ae318b84290a5', '知乎', '1', '中文知识问答网站，有问题，上知乎，发现更大的世界', 'https://www.zhihu.com/', 'b3faf9fe-bf32-4a36-8c71-e953283002c7.png', '1', '2021-03-16 14:03:27', '1', '2021-04-18 21:13:54', 'Y', NULL, NULL, 'Y');
INSERT INTO `t_evgl_forum_friend` VALUES ('54c0883a3f57448a89da3993bf131d2a', '力扣（LeetCode）', '1', '全球极客挚爱的高质量技术成长平台', 'https://leetcode-cn.com/', 'fd3f417f-d6e7-4566-9f74-bbc3934725b3.png', '1', '2021-04-23 19:04:37', NULL, NULL, 'Y', NULL, 8, 'N');
INSERT INTO `t_evgl_forum_friend` VALUES ('55cb10b9d61244cdbb71c32525ccdde6', '印记中文', '4', '国外前端开发文档中文版镜像', 'https://docschina.org/', '051ceb07-0cf1-459a-a64d-b7b6141c4c44.png', '1', '2021-04-22 16:54:34', NULL, NULL, 'Y', NULL, 4, 'N');
INSERT INTO `t_evgl_forum_friend` VALUES ('5a82cbc8d60d41279f64108961df6a73', '深度开源', '1', '国内优秀的开源技术社区。', 'https://www.open-open.com/', 'd013e308-81e3-4df7-a8ad-8e348bf8e4a3.jpeg', '1', '2021-04-18 20:49:51', NULL, NULL, 'Y', NULL, 2, 'Y');
INSERT INTO `t_evgl_forum_friend` VALUES ('5ae95881ef6a4ff9ae9e1f8d5dbcd6b6', '前程无忧', '3efdba02b35d4e169bab9f3487e16793', '前程无忧人才网面向全国,提供2021准确的招聘网站信息,为企业和求职者提供人才招聘、求职、找工作、培训等在内的全方位的人力资源服务,更多求职找工作信息尽在前程无忧!', 'https://www.51job.com/', '0d39862b-3cc3-4ac1-93e8-9bd4ef01a1cf.jpeg', '1', '2021-04-18 21:02:23', '1', '2021-04-23 19:52:03', 'Y', NULL, 3, 'N');
INSERT INTO `t_evgl_forum_friend` VALUES ('5d3ecfbdd3b6468fa76cb1fd19e291eb', 'Aliyun', '775adedf947f4c429fc27e26a5dc6f25', '阿里云，国内首屈一指的一站式云服务', 'https://www.aliyun.com/', '5e744e12-296d-4f28-9091-ac69ca6e8cfb.jpeg', '1', '2021-04-22 16:38:24', NULL, NULL, 'Y', NULL, 5, 'N');
INSERT INTO `t_evgl_forum_friend` VALUES ('5d541e3d90ec4e5eb9771fb7f620bb3c', 'RUNOOB - 菜鸟教程', '4', '学的不仅是技术，更是梦想！', 'https://www.runoob.com/', '0a0615a5-1eac-490e-9533-2c6efaf4c226.png', '1', '2021-04-23 19:12:49', NULL, NULL, 'Y', NULL, 19, 'N');
INSERT INTO `t_evgl_forum_friend` VALUES ('5ef7dbced9ba4c18b7b293d59a45178b', '又拍云', '775adedf947f4c429fc27e26a5dc6f25', '又拍云，国内领先的云存储，CDN服务', 'https://www.upyun.com/', 'c8ec3f4c-cd4d-469a-94c8-07c1f7acd871.png', '1', '2021-04-22 15:25:13', NULL, NULL, 'Y', NULL, 1, 'N');
INSERT INTO `t_evgl_forum_friend` VALUES ('5fce3a078ad1423cb95da4740a38a1b8', '58同城', '3efdba02b35d4e169bab9f3487e16793', '中华英才：58同城旗下招聘版块', 'https://www.chinahr.com/', 'b0cddd75-20fe-4157-abc9-ecc5a37853e8.png', '1', '2021-04-25 11:06:58', NULL, NULL, 'Y', NULL, 6, 'N');
INSERT INTO `t_evgl_forum_friend` VALUES ('65e91483b8b44f158c24a12685c3798f', '张鑫旭博客', '4', '张鑫旭博客：主要倾向于前端开发，丰富的前端资源', 'https://www.zhangxinxu.com/', '64b644a3-2d7b-40f6-a84c-eb4cf595194d.png', '1', '2021-08-07 19:29:50', NULL, NULL, 'Y', NULL, 26, 'N');
INSERT INTO `t_evgl_forum_friend` VALUES ('6690cbbed8a341959008c57a62bc2af4', '腾讯 WeTest', '6f8185fcabaa4b289c7677c67062192e', '腾讯 WeTest 质量开放平台是腾讯游戏官方出品的一站式测试服务平台。', 'https://wetest.qq.com/', '968e1424-49cc-4845-aeae-d085dbd6a0f3.png', '1', '2021-04-18 20:24:12', NULL, NULL, 'Y', NULL, 3, 'Y');
INSERT INTO `t_evgl_forum_friend` VALUES ('681f9d2a38ef4cf29c879447839a152e', '51CTO', '1', '中国领先的IT技术网站', 'https://www.51cto.com/', 'b0142eb8-fc42-48d3-9e5b-07dda9aeb30f.gif', '1', '2021-04-25 11:04:51', NULL, NULL, 'Y', NULL, 12, 'N');
INSERT INTO `t_evgl_forum_friend` VALUES ('68a755fd35b246e1864c37c82bb0c062', '素材解忧铺', '4', '素材解忧铺：前端常用设计软件下载', 'http://www.sucaijieyoupu.com/', 'eadefc01-b379-4587-b6b6-f05ec5f47573.png', '1', '2021-05-12 14:36:54', NULL, NULL, 'Y', NULL, 23, 'N');
INSERT INTO `t_evgl_forum_friend` VALUES ('6bbec1a2feb643c084afd62a356017c3', '牛客网', '3efdba02b35d4e169bab9f3487e16793', '找工作神器|笔试题库|面试经验', 'https://www.nowcoder.com/', 'fcb9a804-ad47-4be4-8e48-89674f7d19d1.png', '1', '2021-04-23 18:57:58', NULL, NULL, 'Y', NULL, 5, 'N');
INSERT INTO `t_evgl_forum_friend` VALUES ('6c8a87ff8cda4d7fb21ee8cb8c4a2544', '素材火', '4', '素材火源码社区提供大量商业源码,小程序源码,php网站源码,是开发者必上的商业源码网社', 'https://www.sucaihuo.com/', 'b16c0ffb-28e2-4166-93dd-bb9b08e7ee7b.png', '1', '2021-04-22 17:02:35', NULL, NULL, 'Y', NULL, 10, 'N');
INSERT INTO `t_evgl_forum_friend` VALUES ('6e7e199664cf4281b99ab46ee014054c', 'Element', '4', '前端开发的vue框架', 'https://element.eleme.cn/', 'dfd8dc2e-a0bc-4aa0-8246-b6b5f6d98a57.png', '1', '2021-04-22 17:05:33', NULL, NULL, 'Y', NULL, 12, 'N');
INSERT INTO `t_evgl_forum_friend` VALUES ('73f5c4c1fe7d420298ab29fab7c691e7', '产品大牛', '4', '产品大牛 是一个面向产品团队的云端协作平台，提供文件在线预览与演示（支持Axure、Sketch、PPT、Excel等文件）、在线文档、在线思维导图、任务看板等功能。涵盖了从 产品构想、需求规划、原型设计、UI设计、任务管理到交付的一切所需', 'https://www.pmdaniu.com/', '3daae182-a43c-460c-9c2c-9e35de7b07ac.jpeg', '1', '2021-05-27 16:13:19', NULL, NULL, 'Y', NULL, 24, 'N');
INSERT INTO `t_evgl_forum_friend` VALUES ('7617ad1315f54c8aa207e2b60322a228', 'Material Design', '4', 'Material Design 设计官网', 'https://material.io/design/', 'b40ff3ab-3656-493b-aec7-6f3f118fb2a4.png', '1', '2021-04-22 16:56:37', NULL, NULL, 'Y', NULL, 6, 'N');
INSERT INTO `t_evgl_forum_friend` VALUES ('7635803809fe472696b4a9ca92419daa', '测试教程网', 'd1081c2ecc794b5db185590181c03d2e', '测试教程网的所有教程目前主要由虫师跟乙醇完成。', 'http://www.testclass.net/', '602adf6a-ac34-4ea9-8232-6f7ad16c188d.jpeg', '1', '2021-04-18 20:10:40', NULL, NULL, 'Y', NULL, 9, 'N');
INSERT INTO `t_evgl_forum_friend` VALUES ('78acaf48b4e44f9f8e2c9c64e8dbe560', '陈永达的软件测试', '5', '在北京的测试从业者。', 'http://blog.sina.com.cn/eagleking0318', 'd3ac678f-ef43-4c46-af43-50e52a093c79.jpeg', '1', '2021-04-18 20:17:49', NULL, NULL, 'Y', NULL, 5, 'N');
INSERT INTO `t_evgl_forum_friend` VALUES ('7c85adbd756f43a0871c019f494f3c5b', 'CSDN', '1', '中国专业的 IT 社区，为中国的软件开发者提供知识传播、在线学习、职业发展等全生命周期服务。', 'https://www.csdn.net/', '2f17b8c4-1a95-4565-80ab-948f66174445.png', '1', '2021-04-18 20:51:59', NULL, NULL, 'Y', NULL, 4, 'Y');
INSERT INTO `t_evgl_forum_friend` VALUES ('800b45db84e44276a2951bdac9eafd7e', 'BQConf', '5', '中国软件质量大会，软件质量关注者的分享和交流平台。', 'http://www.bqconf.com/', '5cd4c398-9c73-477e-a6ef-522d0b453289.png', '1', '2021-04-18 20:19:53', NULL, NULL, 'Y', NULL, 6, 'N');
INSERT INTO `t_evgl_forum_friend` VALUES ('8f2cf60ac14c4e6e9ab8a791139f19f5', '飞污熊博客', '89c0ff6bfe8d4e1fb180f3f23e29ff31', '专注springboot,docker,python技术', 'https://www.xncoding.com/', 'f454b5ed-89dd-452b-9756-e439fcbdb07a.png', '1', '2021-05-22 15:10:03', NULL, NULL, 'Y', NULL, 1, 'N');
INSERT INTO `t_evgl_forum_friend` VALUES ('8f4fdc05ef544a4197bdb8985f71fc01', '花瓣', '4', '收集灵感,保存有用的素材', 'https://huaban.com/', '641c69c8-7c18-4c4a-8217-d087909063c9.png', '1', '2021-04-23 19:01:21', NULL, NULL, 'Y', NULL, 16, 'N');
INSERT INTO `t_evgl_forum_friend` VALUES ('968294477c8b41bba9973e169f0a6be9', '博客园', '1', '面向开发者的知识分享社区，纯净的技术交流社区。', 'https://www.cnblogs.com/', '3092aa4a-8015-469b-9016-fcaa13ed068e.jpeg', '1', '2021-04-18 20:48:44', NULL, NULL, 'Y', NULL, 1, 'N');
INSERT INTO `t_evgl_forum_friend` VALUES ('96946a68887a4c4b8e51c34bd1677110', '产品壹佰', '4', '产品壹佰优质的产品经理学习网站,互联网产品设计,原型设计,PRD,axure知识学习交流与分享。为产品经理爱好者提供最优质的产品资讯、原创内容和相关视频课程。', 'http://www.chanpin100.com/', 'b6f3899d-fe85-44c0-8381-85c7d44e5a15.png', '1', '2021-05-27 16:14:43', NULL, NULL, 'Y', NULL, 25, 'N');
INSERT INTO `t_evgl_forum_friend` VALUES ('9b05da54dcb84e12a70f9080f11bb04b', 'JSON辅助工具', '1', '在线,JSON,JSON 校验,格式化,xml转json 工具,在线工具,json视图,可视化,程序,服务器,域名注册,正则表达式,测试,在线json格式化工具,json 格式化,json格式化工具,json字符串格式化,json 在线查看器,json在线,json 在线验证,json tools online,在线文字对比工具', 'https://www.bejson.com/', '5d199e7c-bb02-4a24-8e06-9b8b02dce5aa.png', '1', '2021-05-20 17:02:32', NULL, NULL, 'Y', NULL, 14, 'N');
INSERT INTO `t_evgl_forum_friend` VALUES ('9c96359016b441d4ab2565b84d7f1289', '蓝奏云', '775adedf947f4c429fc27e26a5dc6f25', '天下武功，唯快不破!\n您还在为用户抱怨下载慢发愁吗\n来这里，下载无限制，无验证码，畅快淋漓尽致', 'https://pc.woozooo.com/', '679321b5-e46f-4b32-9442-47f22b758929.png', '1', '2021-05-29 11:16:06', NULL, NULL, 'Y', NULL, 10, 'N');
INSERT INTO `t_evgl_forum_friend` VALUES ('9e8064ea3b094769aae593d71c60e6a7', 'SpringBoot中文', '1', 'Spring Boot 中文导航', 'http://springboot.fun/', '5b844494-33e1-4a8d-8da2-b77fd9a21ae9.png', '1', '2021-03-13 08:28:31', '1', '2021-03-16 14:06:09', 'Y', NULL, NULL, 'Y');
INSERT INTO `t_evgl_forum_friend` VALUES ('9ee19f67df30465c84066505200f4b62', '36kr', '1', '创业资讯、科技新闻', 'https://36kr.com/', '47ad7d11-c88a-4dc5-a2af-4d482e331f52.png', '1', '2021-04-23 19:03:37', NULL, NULL, 'Y', NULL, 7, 'N');
INSERT INTO `t_evgl_forum_friend` VALUES ('9f5bd39d8d924604bc508f5a12e0aace', '鸟哥笔记', '1', '移动互联网第一干货平台', 'https://www.niaogebiji.com/', 'feec949c-3911-4be8-920b-7dff3d0039b4.png', '1', '2021-04-23 19:02:31', NULL, NULL, 'Y', NULL, 6, 'N');
INSERT INTO `t_evgl_forum_friend` VALUES ('9f61ffdcacfd42e38082120303c4b704', 'MDN Web 文档', '4', '提供开放网络（Open Web）技术有关的信息，包括用于网站和渐进式网络应用的 HTML、CSS 和 API', 'https://developer.mozilla.org/zh-CN/', '4c49f2bc-f6dd-4547-90ae-415da75a51f0.png', '1', '2021-04-22 17:01:28', NULL, NULL, 'Y', NULL, 9, 'N');
INSERT INTO `t_evgl_forum_friend` VALUES ('9fa046546cd04063877a00fc0e48cdde', '富文本编辑器slate', '3', 'https://github.com/ianstormtaylor/slate\nhttps://doodlewind.github.io/slate-doc-cn\nhttps://docs.slatejs.org', 'https://doodlewind.github.io/slate-doc-cn', 'ea9df368-d865-48cd-af7f-733e2a1ea1e0.jpeg', '1', '2021-12-04 08:54:09', NULL, NULL, 'Y', NULL, 3, 'N');
INSERT INTO `t_evgl_forum_friend` VALUES ('a017117292b549d98c23957c5f60e48e', '站酷', '4', '中国人气设计师互动平台', 'https://www.zcool.com.cn/', '3bf7eb12-30f3-4b98-b4d8-86fa82eb07fe.png', '1', '2021-04-23 18:58:56', NULL, NULL, 'Y', NULL, 13, 'N');
INSERT INTO `t_evgl_forum_friend` VALUES ('a0853748dcb0432696f9cad1024df7ef', 'TesterHome', 'd1081c2ecc794b5db185590181c03d2e', '公益性的测试技术社区，致力于推动测试行业的技术发展。', 'https://testerhome.com/', 'fcd2a08e-34d1-4d9d-9cb7-79c9ac4c3839.png', '1', '2021-04-18 19:58:26', NULL, NULL, 'Y', NULL, 2, 'Y');
INSERT INTO `t_evgl_forum_friend` VALUES ('a33965083171482eb49fccaacf65da26', '拉勾', '3efdba02b35d4e169bab9f3487e16793', '专注于互联网职业机会。', 'https://www.lagou.com/', '78185aa4-a822-41d6-956b-7feea80e6eaa.jpeg', '1', '2021-04-18 20:59:58', NULL, NULL, 'Y', NULL, 1, 'N');
INSERT INTO `t_evgl_forum_friend` VALUES ('a377632a662b4abe9af3470181e56ea7', 'Stack Overflow', '1', '全球最大的专业技术问答社区。', 'https://stackoverflow.com/', 'fa054447-2343-4a2a-8383-1814100e7cd8.png', '1', '2021-04-18 20:55:11', NULL, NULL, 'Y', NULL, 5, 'Y');
INSERT INTO `t_evgl_forum_friend` VALUES ('a472367724c745cea67afb15b4d7d80b', 'coverr', '4', '免费可商用的航拍视频素材', 'https://coverr.co/', '6ae4ba98-a32d-4736-8efe-f7c0de5f1b8b.png', '1', '2021-05-09 17:09:56', NULL, NULL, 'Y', NULL, 21, 'N');
INSERT INTO `t_evgl_forum_friend` VALUES ('a62581770c59401f995d895effa04d20', 'UI中国', '4', '图形交互与界面设计交流、作品展示、学习平台。', 'https://www.ui.cn/', 'c5182a51-5798-4f2e-aab9-23897a51cbcc.png', '1', '2021-04-23 18:59:31', NULL, NULL, 'Y', NULL, 14, 'N');
INSERT INTO `t_evgl_forum_friend` VALUES ('a74521279fcd4ee4bbb6f408f3b0d292', 'AlloyTeam', '4', '腾讯全端AlloyTeam团队，主要是Web', 'http://www.alloyteam.com/', 'f4f60abb-c372-43ef-a27b-b95ab6a5e278.png', '1', '2021-04-22 16:53:14', NULL, NULL, 'Y', NULL, 3, 'N');
INSERT INTO `t_evgl_forum_friend` VALUES ('ad6769a18d764bf09125fc8fb83f7d43', 'iconfont', '4', '阿里巴巴矢量图标库', 'https://www.iconfont.cn/', '731a3311-94cd-45d1-b1ac-0e67e8ab47ea.png', '1', '2021-04-23 19:06:43', NULL, NULL, 'Y', NULL, 17, 'N');
INSERT INTO `t_evgl_forum_friend` VALUES ('ba0d996101bd416dab99c522b4665a96', '七牛云', '775adedf947f4c429fc27e26a5dc6f25', '七牛云，国内领先的云存储、CDN云服务', 'https://www.qiniu.com/', 'cb595471-7b4a-4035-8870-ef83fe42a489.jpeg', '1', '2021-04-22 15:27:48', NULL, NULL, 'Y', NULL, 2, 'N');
INSERT INTO `t_evgl_forum_friend` VALUES ('bc3db418327a458a96119c5eec889807', '百度 MTC', '6f8185fcabaa4b289c7677c67062192e', '百度移动云测试中心简称MTC（Mobile Testing Center），是业界领先的移动应用一站式测试服务平台。', 'http://mtc.baidu.com/', 'e92d6512-6ec7-4ec0-a59f-320faac7823c.jpeg', '1', '2021-04-18 20:24:43', NULL, NULL, 'Y', NULL, 4, 'N');
INSERT INTO `t_evgl_forum_friend` VALUES ('ca0be1b1ae6249ffb5a2a4bdf972c5cd', '飞冰', '4', '让前端开发简单而友好', 'https://ice.work/', 'cdd04cbd-f0a7-496d-89f7-a47c043190ef.png', '1', '2021-04-22 17:03:57', NULL, NULL, 'Y', NULL, 11, 'N');
INSERT INTO `t_evgl_forum_friend` VALUES ('cb47b8c8cff3450fb60b918bfc22b20a', '开源中国', '1', '目前领先的中文开源技术社区。我们传播开源的理念,推广开源项目,为 IT 开发者提供了一个发现、使用、并交流开源技术的平台', 'http://www.oschina.net', '8cbf1835-40d4-46a7-b670-df50210720b9.png', '1', '2021-04-25 10:58:52', NULL, NULL, 'Y', NULL, 10, 'N');
INSERT INTO `t_evgl_forum_friend` VALUES ('d06d6b1f1ec54f2892edcaa5c89df7b6', 'Bulma CSS', '4', 'Bulma is a free, open source CSS framework based on Flexbox and built with Sass', 'https://bulma.io/', '3d2e9751-f010-4ac8-be7d-897c42bbfc3f.png', '1', '2021-04-22 16:50:37', NULL, NULL, 'Y', NULL, 1, 'N');
INSERT INTO `t_evgl_forum_friend` VALUES ('d2e090a027464dc593402af2f4c8750e', 'MQC', '6f8185fcabaa4b289c7677c67062192e', '阿里云移动测试平台。MQC 是为广大企业客户和移动开发者提供真机测试服务的云平台。', 'https://www.aliyun.com/product/mqc', '289b34bf-f072-4666-ac35-e60d1da7385e.jpeg', '1', '2021-04-18 20:23:37', NULL, NULL, 'Y', NULL, 2, 'N');
INSERT INTO `t_evgl_forum_friend` VALUES ('d59500a4de2148fd9a988ac928a20d87', 'QAdoc', 'd1081c2ecc794b5db185590181c03d2e', '国内优质的软件测试资源站', 'https://qadoc.cn/', '/uploads/friend-data/d09c9be1-bfc0-409e-a12d-d7fa31189bf2.png', '1', '2021-04-17 18:21:53', '1', '2021-04-24 17:49:22', 'Y', NULL, 1, 'N');
INSERT INTO `t_evgl_forum_friend` VALUES ('db53a98c9286451596e40aaefd44f489', 'TestBird', '6f8185fcabaa4b289c7677c67062192e', '专注为移动应用提供从研发到上线的一站式质量管理服务。', 'https://www.testbird.com/', 'b053b62d-a30b-4566-a21f-e8b4e5a86212.png', '1', '2021-04-18 20:23:00', NULL, NULL, 'Y', NULL, 1, 'N');
INSERT INTO `t_evgl_forum_friend` VALUES ('dc67d8d9e6b24e7eb4ff3afdcb2e9a6b', 'BOSS直聘', '3efdba02b35d4e169bab9f3487e16793', 'BOSS直聘为求职者提供最新的全国公司招聘信息,全国人才招聘信息。百万Boss在线直聘,直接开聊,在线面试,找工作就上BOSS直聘网站或APP,直接与Boss开聊吧!', 'https://www.zhipin.com/c', 'b57000f2-3767-4951-a19b-8d4f509f4e9a.png', '1', '2021-04-18 21:04:00', NULL, NULL, 'Y', NULL, 4, 'N');
INSERT INTO `t_evgl_forum_friend` VALUES ('df4d6e2893674606a3c350a8aeeaaece', '微信小程序', '1', '微信公众平台', 'https://developers.weixin.qq.com/miniprogram/dev/framework/', '5f7af183-8a87-4702-8649-d44dc50f9d91.png', '1', '2021-04-23 19:06:00', NULL, NULL, 'Y', NULL, 9, 'N');
INSERT INTO `t_evgl_forum_friend` VALUES ('e098220e059c44ebaa2ca28d8dcbb95a', '在线PS', '4', '在线可以编辑图片的PS工具', 'https://ps.gaoding.com/#/', '89e8d2f1-58ef-494e-8e57-54713f356b25.png', '1', '2021-04-23 19:10:43', NULL, NULL, 'Y', NULL, 18, 'N');
INSERT INTO `t_evgl_forum_friend` VALUES ('e3b7b8d6e1d44ae0ab59f82e9d250851', '廖雪峰', '89c0ff6bfe8d4e1fb180f3f23e29ff31', '研究互联网产品和技术，提供原创中文精品教程，Python、Java基础教程', 'https://www.liaoxuefeng.com/', 'ffb65ebb-2b92-4dd5-a054-f8a9ff06e14b.png', '1', '2021-03-16 13:59:20', '1', '2021-04-22 17:20:16', 'Y', NULL, NULL, 'N');
INSERT INTO `t_evgl_forum_friend` VALUES ('e6a16db3feb34215a8f044cdea0cdc7a', '乙醇的cnblog', '5', '测试开发架构师，十年测试及开发经验。', 'https://www.cnblogs.com/nbkhic/', '5444b0a1-6dd8-451a-8f01-61d56112dec4.jpeg', '1', '2021-04-18 20:16:10', NULL, NULL, 'Y', NULL, 4, 'N');
INSERT INTO `t_evgl_forum_friend` VALUES ('e6f228dafc884b918d0b0405f09a1a7a', '虫师', '5', '多年软件测试经验，高级测试工程师，坚持分享测试技术与经验。', 'https://www.cnblogs.com/fnng/', 'e6e8164b-cac8-4477-a7d5-9701c4987ce9.jpeg', '1', '2021-04-18 20:15:37', NULL, NULL, 'Y', NULL, 3, 'N');
INSERT INTO `t_evgl_forum_friend` VALUES ('e7d94fa406e548829bf4a893df6c0d2d', '自动化测试实践', '5', '曾月天：自动测试框架开发，测试管理。', 'http://www.zengyuetian.com/', 'ccd7f194-c9d0-45e1-96a6-e1a04ab50d33.jpeg', '1', '2021-04-18 20:14:40', NULL, NULL, 'Y', NULL, 2, 'N');
INSERT INTO `t_evgl_forum_friend` VALUES ('ebabd3f856ed4aa79e7434883cb557c1', 'JDC | 京东设计中心', '4', '关注于电子商务视觉设计、交互设计、用户研究、前端开发', 'https://jelly.jd.com/', '71558fe6-c2b5-4680-b358-0fc804dc5177.png', '1', '2021-04-22 16:51:40', NULL, NULL, 'Y', NULL, 2, 'N');
INSERT INTO `t_evgl_forum_friend` VALUES ('ec99c0608e7d4e9ba9d3242f104e2f19', '百度众测平台', '6f8185fcabaa4b289c7677c67062192e', '百度测试任务众包平台。', 'http://test.baidu.com/', 'ab471251-317c-4344-b9b6-2ae1627956e8.jpeg', '1', '2021-04-18 20:25:10', NULL, NULL, 'Y', NULL, 5, 'N');
INSERT INTO `t_evgl_forum_friend` VALUES ('f15796ea261447e7a83390aba4fa80ae', 'Stack Overflow', 'd1081c2ecc794b5db185590181c03d2e', '全球最大的专业技术问答社区。', 'https://stackoverflow.com/', '3e8cf12d-7d6e-40cd-a027-d164975e2e2b.png', '1', '2021-04-18 19:59:29', NULL, NULL, 'Y', NULL, 3, 'N');
INSERT INTO `t_evgl_forum_friend` VALUES ('f1e079a04d334bf29ff08211fb7d3ef4', 'SegmentFault', '1', '中文领域优秀的技术问答交流社区平台。', 'https://segmentfault.com/', '45b7fb88-23de-4625-bf1c-e7a50cb2a33d.png', '1', '2021-04-18 20:50:56', NULL, NULL, 'Y', NULL, 3, 'Y');
INSERT INTO `t_evgl_forum_friend` VALUES ('f32b061fb0ce4149ae14e768fc339549', 'Github', '1', 'Github', 'https://github.com/', '3bd56139-e80d-4275-9a8c-fc40e8f2881b.jpeg', '1', '2021-03-16 14:25:09', NULL, NULL, 'Y', NULL, NULL, 'Y');
INSERT INTO `t_evgl_forum_friend` VALUES ('fd82cb78016f42fab530f541ff3f55cc', '华为云', '775adedf947f4c429fc27e26a5dc6f25', '华为云为用户提供云服务器,云数据库,云存储,CDN,大数据,云安全等公有云产品和电商,金融,游戏等多种解决方案,7x24小时客服支持,帮助企业轻松上云-华', 'https://www.huaweicloud.com/', 'c69d4349-8f80-42b8-91dd-6f7d53627ff4.png', '1', '2021-04-22 16:40:56', NULL, NULL, 'Y', NULL, 7, 'N');

-- ----------------------------
-- Records of t_evgl_forum_friend_type
-- ----------------------------
INSERT INTO `t_evgl_forum_friend_type` VALUES ('1', '0', '常用推荐', 'linecons-star', 1, NULL, NULL, NULL);
INSERT INTO `t_evgl_forum_friend_type` VALUES ('3', '0', '大后端', 'fa fa-address-book-o', 3, NULL, NULL, NULL);
INSERT INTO `t_evgl_forum_friend_type` VALUES ('3efdba02b35d4e169bab9f3487e16793', '0', '求职招聘', 'fa fa-address-card-o', 2, '', '2021-04-18 20:59:17', '1');
INSERT INTO `t_evgl_forum_friend_type` VALUES ('4', '0', '大前端', 'fa fa-grav', 3, NULL, NULL, NULL);
INSERT INTO `t_evgl_forum_friend_type` VALUES ('5', '640520e997a04951a56d375f5a247a95', '国内测试博客', 'fa fa-meetup', 2, '', NULL, NULL);
INSERT INTO `t_evgl_forum_friend_type` VALUES ('5a1', '5', '图形创意', NULL, 1, NULL, NULL, NULL);
INSERT INTO `t_evgl_forum_friend_type` VALUES ('5a2', '5', '界面设计', NULL, 2, NULL, NULL, NULL);
INSERT INTO `t_evgl_forum_friend_type` VALUES ('5a3', '5', '交互动效', NULL, 3, NULL, NULL, NULL);
INSERT INTO `t_evgl_forum_friend_type` VALUES ('5a4', '5', '在线配色', NULL, 4, NULL, NULL, NULL);
INSERT INTO `t_evgl_forum_friend_type` VALUES ('5a5', '5', '在线工具', NULL, 5, NULL, NULL, NULL);
INSERT INTO `t_evgl_forum_friend_type` VALUES ('640520e997a04951a56d375f5a247a95', '0', '软件测试', 'fa fa-snowflake-o', 6, '', '2021-04-17 18:11:35', '1');
INSERT INTO `t_evgl_forum_friend_type` VALUES ('6f8185fcabaa4b289c7677c67062192e', '640520e997a04951a56d375f5a247a95', '测试服务', 'fa fa-quora', 3, '', '2021-04-17 18:19:32', '1');
INSERT INTO `t_evgl_forum_friend_type` VALUES ('775adedf947f4c429fc27e26a5dc6f25', '9263e6365fbc41c2bac5d97aea08b2b1', '云服务', '', 1, '', '2021-04-18 21:47:54', '1');
INSERT INTO `t_evgl_forum_friend_type` VALUES ('89c0ff6bfe8d4e1fb180f3f23e29ff31', '0', '优秀博客', 'fa fa-snowflake-o', 4, '', '2021-04-22 17:17:46', '1');
INSERT INTO `t_evgl_forum_friend_type` VALUES ('9263e6365fbc41c2bac5d97aea08b2b1', '0', '运维实施', 'fa fa-superpowers', 7, '', '2021-04-17 18:12:05', '1');
INSERT INTO `t_evgl_forum_friend_type` VALUES ('9ff8e789553c45ec9dd35ada2f5b5638', '0', '产品设计', 'fa fa-grav', 4, '', '2021-04-22 17:15:35', '1');
INSERT INTO `t_evgl_forum_friend_type` VALUES ('d1081c2ecc794b5db185590181c03d2e', '640520e997a04951a56d375f5a247a95', '热门推荐', '', 1, '', '2021-04-17 18:19:05', '1');

-- ----------------------------
-- Records of t_evgl_site_avd
-- ----------------------------
INSERT INTO `t_evgl_site_avd` VALUES ('8bca44f55dc140b1a8b1512b458b743b', 'bfe52d8339744e6caa8211c6f6fbdcce', '教学实训云平台2', 2, '2019-08-16 00:00:00', '2021-08-16 00:00:00', '教学实训云平台2', '89b32de5-c597-4d67-a496-e3fa9b145b09.jpeg', '4e1d6a7f-6dc5-4387-92c7-6671df96369a.png', '1', '<p>教学实训云平台2</p>', '', '', '1', '2019-09-27 17:45:02', '', '', 'Y', '');
INSERT INTO `t_evgl_site_avd` VALUES ('a66d5092b8a44ebaa6ec20bfd0c12ece', 'bfe52d8339744e6caa8211c6f6fbdcce', '学IT就现在', 4, '2019-08-01 00:00:00', '2020-08-29 00:00:00', '学IT就现在', 'c946e3b4-0e2c-4fb5-8beb-ecbf2c0dd6e2.jpeg', '4868f52e-dbc8-4eca-b197-cd89363fa296.png', '1', '<p>学IT就现在</p>', '', '', '1', '2019-09-27 17:45:17', '', '', 'Y', '');
INSERT INTO `t_evgl_site_avd` VALUES ('c1abf5e8bd86448ba2df7e0e78a1bdfe', 'bfe52d8339744e6caa8211c6f6fbdcce', '实验实训', 3, '2019-08-01 00:00:00', '2022-08-31 00:00:00', '实验实训', 'c28b825e-d3fc-43e6-b020-afed040fb9f9.jpeg', 'dac75c79-1964-4fa1-b856-b0ada3809bfb.png', '1', '<p>实验实训</p>', '', '', '1', '2019-09-27 17:45:11', '', '', 'Y', '');
INSERT INTO `t_evgl_site_avd` VALUES ('da9e9ee09d6e4e1a9796e8346bc25657', 'bfe52d8339744e6caa8211c6f6fbdcce', '庆祝我的祖国70周年', 1, '2019-09-27 00:00:00', '2024-09-27 00:00:00', 'http://www.gov.cn/xinwen/2019-09/23/content_5432490.htm', 'd20bad69-8a30-49e4-9753-b581dcc1376a.jpeg', '356e0432-e088-4557-b8d8-b6b1b074c5d6.png', '1', '<p>新华社北京9月23日电 在庆祝中华人民共和国成立70周年之际，中共中央总书记、国家主席、中央军委主席习近平23日前往北京展览馆，参观&ldquo;伟大历程 辉煌成就&mdash;&mdash;庆祝中华人民共和国成立70周年大型成就展&rdquo;。他强调，新中国成立70年来，我们党不忘初心、牢记使命，团结带领全国各族人民战胜了一个又一个艰难险阻，创造了一个又一个彪炳史册的人间奇迹，中华民族迎来了从站起来、富起来到强起来的伟大飞跃。70年来我国取得的历史性成就、发生的历史性变革，充分说明只有中国共产党才能领导中国，只有社会主义才能救中国，只有改革开放才能发展中国、发展社会主义、发展马克思主义，只有中国特色社会主义道路才能引领中国走向繁荣富强。70年后再出发，而今迈步从头越。要展示好、宣传好新中国波澜壮阔的发展历程、感天动地的辉煌成就、弥足珍贵的经验启示，激励全党全国各族人民更加紧密地团结在党中央周围，高举中国特色社会主义伟大旗帜，团结一致、锐意进取，为决胜全面建成小康社会、夺取新时代中国特色社会主义伟大胜利、实现中华民族伟大复兴的中国梦、实现人民对美好生活的向往而不懈奋进。</p>\n<p><img src=\"http://www.gov.cn/xinwen/2019-09/23/5432490/images/ae79ccff58eb4d5882c998a92c997b64.jpg\" align=\"center\" border=\"0\" /></p>\n<p>9月23日，党和国家领导人习近平、李克强、汪洋、王沪宁、赵乐际、韩正、王岐山等在北京展览馆参观&ldquo;伟大历程 辉煌成就&mdash;&mdash;庆祝中华人民共和国成立70周年大型成就展&rdquo;。新华社记者 鞠鹏 摄</p>\n<p><img src=\"http://www.gov.cn/xinwen/2019-09/23/5432490/images/ed9f22d946fd4613b37c971316f4be95.jpg\" align=\"center\" border=\"0\" /></p>\n<p>9月23日，党和国家领导人习近平、李克强、汪洋、王沪宁、赵乐际、韩正、王岐山等在北京展览馆参观&ldquo;伟大历程 辉煌成就&mdash;&mdash;庆祝中华人民共和国成立70周年大型成就展&rdquo;。新华社记者 鞠鹏 摄</p>\n<p>李克强、汪洋、王沪宁、赵乐际、韩正、王岐山参观展览。</p>\n<p><img src=\"http://www.gov.cn/xinwen/2019-09/23/5432490/images/1f6af0f1cf2940c6add673ae47523e98.jpg\" align=\"center\" border=\"0\" /></p>\n<p>9月23日，党和国家领导人习近平、李克强、汪洋、王沪宁、赵乐际、韩正、王岐山等在北京展览馆参观&ldquo;伟大历程 辉煌成就&mdash;&mdash;庆祝中华人民共和国成立70周年大型成就展&rdquo;。新华社记者 鞠鹏 摄</p>\n<p><img src=\"http://www.gov.cn/xinwen/2019-09/23/5432490/images/e6f32755a436421fbc884ed099bc673a.jpg\" align=\"center\" border=\"0\" /></p>\n<p>9月23日，党和国家领导人习近平、李克强、汪洋、王沪宁、赵乐际、韩正、王岐山等在北京展览馆参观&ldquo;伟大历程 辉煌成就&mdash;&mdash;庆祝中华人民共和国成立70周年大型成就展&rdquo;。新华社记者 鞠鹏 摄</p>\n<p>下午4时10分许，习近平等党和国家领导同志来到北京展览馆，步入展厅参观展览。展览以开辟和发展中国特色社会主义道路、建设社会主义现代化国家为主题，以编年体为时间主线，安排设计了5个部分，并体现历次党代会和重要中央全会、五年规划（计划）等方面的跨段主线，选择150个&ldquo;新中国第一&rdquo;进行展示，每10年设置英雄模范人物墙，充分运用声光电等多媒体科技展示手段，全方位立体化呈现新中国成立70年来中国共产党领导中国人民发愤图强、艰苦奋斗实现的伟大跨越，清晰展现党的领导和我国社会主义制度集中力量办大事的政治优势，深刻揭示新中国70年巨变背后的深刻道理。</p>\n<p><img src=\"http://www.gov.cn/xinwen/2019-09/23/5432490/images/098dc58de19d4406a557eb18ef70d518.jpg\" align=\"center\" border=\"0\" /></p>\n<p>9月23日，党和国家领导人习近平、李克强、汪洋、王沪宁、赵乐际、韩正、王岐山等在北京展览馆参观&ldquo;伟大历程 辉煌成就&mdash;&mdash;庆祝中华人民共和国成立70周年大型成就展&rdquo;。新华社记者 谢环驰 摄</p>\n<p>记录开国大典历史时刻的影像，纪念新中国建设的第一条铁路成渝铁路建成通车的浮雕，定格恢复中华人民共和国在联合国一切合法权利瞬间的照片，寓意1977年恢复高考以来几代人命运得以改变的场景，展现安徽小岗村18户农民在&ldquo;大包干&rdquo;契约上按下鲜红手印的群像，反映上海浦东开发开放旧貌换新颜的视频，显现1998年抗洪抢险中万众一心、众志成城的场面，再现北京奥运会盛况的光影设计，中国自主研发的第一座快中子反应堆模型，展现全面深化改革进程的说明，反映高质量发展的成果，体现&ldquo;绿水青山就是金山银山&rdquo;生动实践的沙盘，展示人民军队官兵在强军目标指引下奋勇前进的展板，呈现脱贫攻坚新进展的实景，描绘区域发展战略的地图，模拟月球车、&ldquo;天眼&rdquo;等的模型，世界最长跨海大桥港珠澳大桥模型，体现全方位外交的展板&hellip;&hellip;展览长廊犹如时光隧道，一张张图片展板、一件件实物模型、一段段视频资料、一项项互动体验，吸引了习近平等领导同志的目光，他们不时驻足观看，认真听取讲解，询问有关情况。</p>\n<p><img src=\"http://www.gov.cn/xinwen/2019-09/23/5432490/images/63e81523f5cd434aa53f367d687b98b3.jpg\" border=\"0\" /></p>\n<p>9月23日，党和国家领导人习近平、李克强、汪洋、王沪宁、赵乐际、韩正、王岐山等在北京展览馆参观&ldquo;伟大历程 辉煌成就&mdash;&mdash;庆祝中华人民共和国成立70周年大型成就展&rdquo;。新华社记者 鞠鹏 摄</p>\n<p>在京中共中央政治局委员、中央书记处书记，全国人大常委会副委员长，国务委员，最高人民检察院检察长，全国政协副主席以及中央军委委员等参观了展览。</p>\n<p><img src=\"http://www.gov.cn/xinwen/2019-09/23/5432490/images/70113982f4594414b14c2d94a9fe1230.jpg\" align=\"center\" border=\"0\" /></p>\n<p>9月23日，党和国家领导人习近平、李克强、汪洋、王沪宁、赵乐际、韩正、王岐山等在北京展览馆参观&ldquo;伟大历程 辉煌成就&mdash;&mdash;庆祝中华人民共和国成立70周年大型成就展&rdquo;。这是中共中央总书记、国家主席、中央军委主席习近平在展览上讲话。新华社发（盛佳鹏 摄）</p>', '', '', '1', '2019-09-27 17:46:09', '', '', 'N', '');

-- ----------------------------
-- Records of t_evgl_site_checkinfo
-- ----------------------------
INSERT INTO `t_evgl_site_checkinfo` VALUES ('320885a47f8448a49ccb6a92e706a063', '2ef82ea56a2b42c7a820b76600595b74', '敏感信息', '1', '2019-08-17 10:45:58', 'Y', '1', 'N');
INSERT INTO `t_evgl_site_checkinfo` VALUES ('8d2a25e675be476c9cb663726b683dc8', '2ef82ea56a2b42c7a820b76600595b74', '1', '1', '2019-08-17 14:01:23', 'Y', '1', 'N');

-- ----------------------------
-- Records of t_evgl_site_seo
-- ----------------------------
INSERT INTO `t_evgl_site_seo` VALUES ('598ff48e5ad844b895e4eb4e9718d141', '', '', '', '2', 'bfe52d8339744e6caa8211c6f6fbdcce');
INSERT INTO `t_evgl_site_seo` VALUES ('5b4adb87db7a42b28b459877d35a916b', '', '', '', '2', 'fb105e3a917a4cb39ba42717e82c3045');
INSERT INTO `t_evgl_site_seo` VALUES ('886ba9c73cd94a888c14643baf90228c', '', '', '', '2', '5a786f8eb6b94f0a8eff667da8d0f6b6');
INSERT INTO `t_evgl_site_seo` VALUES ('a0c358bb4d3d41739cdb025122b67635', '', '', '', '2', 'a5f98a3c6d15451d931398bf529424e8');
INSERT INTO `t_evgl_site_seo` VALUES ('c4a79db328934fafbb73edcfe317a749', '', '', '', '2', '316b953d58604d2c8405dc5951de787c');

-- ----------------------------
-- Records of t_evgl_site_update_log
-- ----------------------------
INSERT INTO `t_evgl_site_update_log` VALUES ('16f6e97ae58c426393abe725d1e9fdbc', '2', 'V4.0.0', '<p>1、新增:&nbsp; 直播功能</p>\n<p>2、新增：我要咨询与企业微信信息推送互通</p>\n<p>3、新增：报名功能</p>\n<p>4、新增：微信支付功能</p>\n<p>5、优化：修复部分Bug</p>', '1', '2021-11-08 16:02:18', '1', '2021-11-08 16:02:39');
INSERT INTO `t_evgl_site_update_log` VALUES ('584bd863df5b4614ba002adcdfd5628a', '2', 'V3.0.0', '<p>1、新增:&nbsp; 云盘功能</p>\n<p>2、新增：一键入课堂、批量审核</p>\n<p>3、新增：我要测评，实践考核、测试活动</p>\n<p>4、新增：在线考试、智能阅卷</p>\n<p>5、优化：修复部分Bug</p>\n<p>6、优化：体验性和安全性提升</p>', '1', '2020-04-17 18:04:30', '1', '2021-11-08 16:19:01');
INSERT INTO `t_evgl_site_update_log` VALUES ('9a3086b115f84ebd9b805eef588617e5', '2', 'V2.0.1', '<p>1、新增:&nbsp; 博客板块</p>\n<p>2、新增：成员分组和成员角色划分功能</p>\n<p>3、新增：辅教视频库功能</p>\n<p>4、优化：修复部分Bug</p>\n<p>5、优化：教学包版本和审核功能</p>', '1', '2019-03-01 19:48:00', '1', '2021-09-12 19:52:59');
INSERT INTO `t_evgl_site_update_log` VALUES ('b15a8b9fcf1141d9bb454f70b777a6dd', '2', 'V1.0.1', '<p>1、新增：新建课堂</p>\n<p>2、新增：课堂活动：签到、课堂表现、头脑风暴、答疑/讨论、投票/问卷</p>\n<p>2、新增：二维码扫码加课堂</p>\n<p>3、新增：填写邀请码加入课堂</p>\n<p>4、优化：修复部分Bug</p>\n<p>5、优化：界面支持保护色</p>\n<p>6、优化：修改底部菜单样式</p>', '1', '2018-09-23 11:06:06', '1', '2021-11-08 16:18:44');

-- ----------------------------
-- Records of t_evgl_tch_class
-- ----------------------------
INSERT INTO `t_evgl_tch_class` VALUES ('03a6522f637a4dc0a48cedc0b25452f7', 'd9fbce2fba844ae6b34f69ce2278f191', 'fd5f006eacee4aafab29248649af2a92', '00001', 'Java就业班【1期】', 'aee77923-526d-4c5d-ba14-aa96bb1c3d59.jpeg', NULL, NULL, NULL, '1', '2021-12-13 09:07:51', '1', '2021-12-23 17:29:32', '', '3', '2017-11-08', '2017-11-08', NULL, NULL, 100, '', 'f22159d305594ca0b6775415334a7a39', '2', '1a9a33b872aa48bcbb2141f35217ce00', '2017-09-08', NULL);
INSERT INTO `t_evgl_tch_class` VALUES ('0833deb741b841cbbfe5358bce1aedcc', '1c5e7a77b9c94f1688b81e2f9739b6f2', 'c58056a52099439cb1c527b76b5e0aab', '', '软件G32009', 'aee77923-526d-4c5d-ba14-aa96bb1c3d59.jpeg', NULL, NULL, NULL, '1', '2022-02-20 18:03:34', NULL, NULL, '', '3', '', '2022-02-08', NULL, NULL, 1, '', 'd24cef2333374391b8bd62696c5191b3', '', 'e0eab2cde5114852b93c06b5bb41a797', '', '');
INSERT INTO `t_evgl_tch_class` VALUES ('0968e4d7be1f4a8d927bec278600b523', '1cd2c3ccaf814e04a2792da827ca91ed', 'fd5f006eacee4aafab29248649af2a92', '1910', '前端就业班【5期】', 'fcb67a65-bf89-417d-b7b1-5d8bc63daa78.jpeg', NULL, NULL, NULL, '1', '2021-03-06 15:15:08', '1', '2021-12-24 19:07:46', '', '4', '2017-03-08', '2017-03-08', NULL, NULL, 1, '', 'e4956a0c5e7449aeb8bb2ca5cd862c4b', '2', '278174c1a0024770aad1429d7dc842e9', '2017-03-08', NULL);
INSERT INTO `t_evgl_tch_class` VALUES ('09872d0a29ca4da4acc2193ce2a3cb2d', 'd9fbce2fba844ae6b34f69ce2278f191', 'fccade7bb8ac4dcb8c56e5341437c786', '', '带你轻松玩转MyBatis', 'e5d0a175-f21d-4e92-bd9f-c0fa58237e23.gif', NULL, NULL, NULL, '1', '2022-04-26 17:31:33', '1', '2022-06-28 14:59:42', '', '4', '2023-05-15', '2022-05-15', NULL, NULL, 100, '<p>以任务驱动反向推动学习，让每个知识点技能点都能学以致用，使学员的学习更具方向性。</p>\n<p>1.增量式的知识框架讲解</p>\n<p>利用增量式开发，每一步增量实现了一个或多个最终用户功能，无需重做前期增量。让你轻松在一个完整系统中对每个增量进行正确性验证。</p>\n<p>2.详细的操作指导手册</p>\n<p>车同轨，书同文，一统代码江湖。迭代技术点，从编码步骤、 源码参考等六个维度，对每个条目下有相应的扩展解释和说明。</p>\n<p>3.完整的真实案例源代码解读</p>\n<p>解读,提供该课程教学内容的素材，适合0项目开发经验的软件开发初学者使用，让学习更专注！</p>\n<p>4.只学有用的-场景案例动手实战</p>\n<p>全程敲代码，绝不纸上谈兵，注重培养学生的动手，动脑以及解决业务能力；每个场景都覆盖一个阶段技术点。经典2-8原则，8分动手敲代码。</p>\n<h2 class=\"md-end-block md-heading md-focus\"><span class=\"md-plain md-expand\">环境要求</span></h2>\n<ol class=\"ul-list\" data-mark=\"-\">\n<li class=\"md-list-item md-focus-container\">\n<p class=\"md-end-block md-p md-focus\"><span class=\"md-plain\">JDK1.8及以上版本</span></p>\n</li>\n<li class=\"md-list-item\">\n<p class=\"md-end-block md-p\"><span class=\"md-plain\">MySQL8.0.27</span></p>\n</li>\n<li class=\"md-list-item\">\n<p class=\"md-end-block md-p\"><span class=\"md-plain\">Maven 3.6.1构建工具</span></p>\n</li>\n<li class=\"md-list-item\">\n<p class=\"md-end-block md-p\"><span class=\"md-plain\">IDEA/VSCode</span></p>\n</li>\n</ol>\n<h2 class=\"md-end-block md-heading md-focus\"><span class=\"md-plain md-expand\">学习建议</span></h2>\n<p class=\"md-end-block md-p\"><span class=\"md-plain\">MyBatis的学习分为四个阶段：了解----&gt;&gt;入门---&gt;&gt;熟悉---&gt;&gt;拓展</span></p>\n<p class=\"md-end-block md-p\"><span class=\"md-html-inline\" spellcheck=\"false\"><span style=\"color: red;\"><span class=\"md-plain\">了解阶段</span></span></span><span class=\"md-plain\">：请参考官方指导文档入门学习基础知识。</span></p>\n<p class=\"md-end-block md-p\"><span class=\"md-html-inline\" spellcheck=\"false\"><span style=\"color: red;\"><span class=\"md-plain\">入门阶段：</span></span></span><span class=\"md-plain\">能把MyBatis技术灵活应用于实际项目中。</span></p>\n<p class=\"md-end-block md-p\"><span class=\"md-html-inline\" spellcheck=\"false\"><span style=\"color: red;\"><span class=\"md-plain\">熟悉阶段</span></span></span><span class=\"md-plain\">：研究</span><span class=\"md-pair-s\"><em><span class=\"md-plain\">MyBatis原理、</span></em></span><span class=\"md-plain\">MyBatis源码。</span></p>\n<p class=\"md-end-block md-p md-focus\"><span class=\"md-html-inline\" spellcheck=\"false\"><span style=\"color: red;\"><span class=\"md-plain\">拓展阶段</span></span></span><span class=\"md-plain\">：基于Mybatis框架，进行封装和扩展，例如开发扩展插件：例如Mybatis-plus，Mybatis-generator等。</span></p>\n<h2 class=\"md-end-block md-heading md-focus\"><span class=\"md-plain md-expand\">适宜人群</span></h2>\n<p class=\"md-end-block md-p\"><span class=\"md-plain\">本教程适合：</span></p>\n<ol class=\"ul-list\" data-mark=\"-\">\n<li class=\"md-list-item\">\n<p class=\"md-end-block md-p\"><span class=\"md-plain\">想要深入学习 MyBatis 框架的小伙伴</span></p>\n</li>\n<li class=\"md-list-item\">\n<p class=\"md-end-block md-p\"><span class=\"md-plain\">零散学习过 MyBatis ，但对 MyBatis 整体了解不够深入的小伙伴</span></p>\n</li>\n<li class=\"md-list-item\">\n<p class=\"md-end-block md-p\"><span class=\"md-plain\">对 MyBatis 的内部和底层感兴趣的小伙伴</span></p>\n</li>\n<li class=\"md-list-item\">\n<p class=\"md-end-block md-p\"><span class=\"md-plain\">有意向以后成为高级开发的小伙伴</span></p>\n</li>\n<li class=\"md-list-item md-focus-container\">\n<p class=\"md-end-block md-p md-focus\"><span class=\"md-plain\">有打算自己封装一套属于自己的用来做项目开发脚手架的小伙伴</span></p>\n</li>\n</ol>\n<p><img src=\"https://www.budaos.com/manage/uploads/cbeditor-image/2022-04-26/10bdb027b5454528a4f911e229b47d46.png\" /></p>', '98e454983977464e815bbdeb0a9a990d', '1', '1a9a33b872aa48bcbb2141f35217ce00', '2022-05-04', '');
INSERT INTO `t_evgl_tch_class` VALUES ('0dc112621fb24beda78c184e6743696c', 'd9fbce2fba844ae6b34f69ce2278f191', 'a645cf35f68f4620a3d3753677dd98d3', '', '线上基础班', 'aee77923-526d-4c5d-ba14-aa96bb1c3d59.jpeg', NULL, NULL, NULL, '1', '2022-08-01 18:13:33', NULL, NULL, '', '3', '2022-08-01', '2022-08-01', NULL, NULL, 10000, '', 'ed08aa8469124c82999d8b1a6b81b3e4', '2', '278174c1a0024770aad1429d7dc842e9', '2022-08-01', '');
INSERT INTO `t_evgl_tch_class` VALUES ('0f114ac383184c65bdb953c7da5334df', '83bc5ba73b5a4df793b2a0d1e3878da3', 'fccade7bb8ac4dcb8c56e5341437c786', '', '软件2007班', 'aee77923-526d-4c5d-ba14-aa96bb1c3d59.jpeg', NULL, NULL, NULL, '1', '2021-10-15 21:32:12', '1', '2021-12-23 17:32:57', '', '3', '2021-12-15', '2021-12-15', NULL, NULL, 189, '', 'd24cef2333374391b8bd62696c5191b3', '1', 'e4956a0c5e7449aeb8bb2ca5cd862c4b', '2021-12-15', NULL);
INSERT INTO `t_evgl_tch_class` VALUES ('11119d99db004135b7d2bae4d2340b2c', 'd9fbce2fba844ae6b34f69ce2278f191', 'fd5f006eacee4aafab29248649af2a92', '13210', 'Java就业班【10期】', 'e5d0a175-f21d-4e92-bd9f-c0fa58237e23.gif', NULL, NULL, NULL, '1', '2019-08-27 16:10:09', '1', '2021-12-24 19:07:24', '', '4', '2019-07-30', '2019-07-30', NULL, NULL, 42, '', 'f22159d305594ca0b6775415334a7a39', '2', '1a9a33b872aa48bcbb2141f35217ce00', '2019-07-30', NULL);
INSERT INTO `t_evgl_tch_class` VALUES ('11d253b65e2b4cdd8d8ee470e85add16', '1c5e7a77b9c94f1688b81e2f9739b6f2', 'c58056a52099439cb1c527b76b5e0aab', '', '软件G32003', 'fcb67a65-bf89-417d-b7b1-5d8bc63daa78.jpeg', NULL, NULL, NULL, '1', '2022-02-20 17:58:48', NULL, NULL, '', '3', '', '2022-02-16', NULL, NULL, 1, '', '124b856d6e984ad4a07470fb404c267c', '', 'e4956a0c5e7449aeb8bb2ca5cd862c4b', '', '');
INSERT INTO `t_evgl_tch_class` VALUES ('19c73170f0164e3898d4b2316035b571', '1c5e7a77b9c94f1688b81e2f9739b6f2', 'c58056a52099439cb1c527b76b5e0aab', '', '软件G32004', 'aee77923-526d-4c5d-ba14-aa96bb1c3d59.jpeg', NULL, NULL, NULL, '1', '2022-02-20 18:01:53', NULL, NULL, '', '3', '', '2022-02-20', NULL, NULL, 1, '', '3297976d8aff47b78e60efce4596cf02', '', '278174c1a0024770aad1429d7dc842e9', '', '');
INSERT INTO `t_evgl_tch_class` VALUES ('1b217eb65fef4ac18d4c5e9b6b4cee10', 'd9fbce2fba844ae6b34f69ce2278f191', 'fd5f006eacee4aafab29248649af2a92', '000004', 'Java就业班【4期】', 'fcb67a65-bf89-417d-b7b1-5d8bc63daa78.jpeg', NULL, NULL, NULL, '1', '2021-12-13 09:08:48', '1', '2021-12-23 17:28:28', '', '3', '2018-11-14', '2018-11-14', NULL, NULL, 100, '', '98e454983977464e815bbdeb0a9a990d', '2', '1a9a33b872aa48bcbb2141f35217ce00', '2018-09-14', NULL);
INSERT INTO `t_evgl_tch_class` VALUES ('1cf9a0c451784268a01848928a73b065', '1cd2c3ccaf814e04a2792da827ca91ed', 'fd5f006eacee4aafab29248649af2a92', '10001', '前端就业班【8期】', 'c1c05f6d-95f8-4117-bbab-339cf4d63372.jpeg', NULL, NULL, NULL, '1', '2021-12-13 19:35:02', '1', '2021-12-24 19:06:35', '', '4', '2018-09-10', '2018-09-10', NULL, NULL, 100, '', 'f22159d305594ca0b6775415334a7a39', '2', '278174c1a0024770aad1429d7dc842e9', '2018-09-10', NULL);
INSERT INTO `t_evgl_tch_class` VALUES ('1e28a03dc0de498c92b18f6b74e77d3c', 'd9fbce2fba844ae6b34f69ce2278f191', 'fd5f006eacee4aafab29248649af2a92', '00006', 'Java就业班【6期】', 'c1c05f6d-95f8-4117-bbab-339cf4d63372.jpeg', NULL, NULL, NULL, '1', '2021-12-13 09:11:03', '1', '2021-12-24 19:06:57', '', '4', '2019-12-08', '2019-12-08', NULL, NULL, 100, '', 'e4956a0c5e7449aeb8bb2ca5cd862c4b', '2', '1a9a33b872aa48bcbb2141f35217ce00', '2019-12-08', NULL);
INSERT INTO `t_evgl_tch_class` VALUES ('21090c991cb04202bbb8842cd6983c05', 'd9fbce2fba844ae6b34f69ce2278f191', 'fd5f006eacee4aafab29248649af2a92', '0005', 'Java就业班【5期】', 'fcb67a65-bf89-417d-b7b1-5d8bc63daa78.jpeg', NULL, NULL, NULL, '1', '2021-12-13 09:09:08', '1', '2021-12-24 19:07:06', '', '4', '2019-09-18', '2019-09-18', NULL, NULL, 100, '', '98e454983977464e815bbdeb0a9a990d', '2', '1a9a33b872aa48bcbb2141f35217ce00', '2019-09-18', NULL);
INSERT INTO `t_evgl_tch_class` VALUES ('213ad7a1bb4141c4ac53edcc73d120b1', '3bd04aeedb304e9aa6287932b3b5a1d8', '845786f2bfbf46398e3b495f6c7014bc', '', '专升本', 'aee77923-526d-4c5d-ba14-aa96bb1c3d59.jpeg', NULL, NULL, NULL, '1', '2022-03-02 14:38:17', '1', '2022-03-02 14:41:42', '', '3', '', '2022-03-01', NULL, NULL, 100, '', '124b856d6e984ad4a07470fb404c267c', '', '3297976d8aff47b78e60efce4596cf02', '', '');
INSERT INTO `t_evgl_tch_class` VALUES ('21befeb44b1b4491ad6141ab691029fa', '80aa274044704360901836e9c7dda760', 'fd5f006eacee4aafab29248649af2a92', '88888888', '2021湘信院体验课群', 'e5d0a175-f21d-4e92-bd9f-c0fa58237e23.gif', NULL, NULL, NULL, '1', '2021-03-17 16:09:56', '1', '2021-12-23 17:33:54', '888', '3', '2021-03-18', '2021-03-18', NULL, NULL, 200, '', '5fb2ab251fcb4a60acc6b0c89221f9f5', '2', '1a9a33b872aa48bcbb2141f35217ce00', '2021-03-18', NULL);
INSERT INTO `t_evgl_tch_class` VALUES ('2b222feef75f41d9b6f2aa5e1f7e3000', 'd9fbce2fba844ae6b34f69ce2278f191', 'fd5f006eacee4aafab29248649af2a92', '', '2天带你轻松入门Linux云计算', '8b53b0a9-e579-4591-a192-c5deb5b4b194.jpeg', NULL, NULL, NULL, '1', '2021-09-25 16:21:09', '1', '2022-05-09 17:45:05', '', '3', '2022-05-15', '2022-05-15', NULL, NULL, 20, '<p><strong>5天轻松入门Linux云计算</strong></p>\n<p><img src=\"https://www.budaos.com/manage/uploads/cbeditor-image/2022-02-09/829c6c60442a4d2ba0cf425d1ebbaa2b.png\" width=\"977\" height=\"415\" /></p>\n<p><img src=\"https://www.budaos.com/manage/uploads/cbeditor-image/2022-02-09/c1763d600a2a4491b5cd886dc54ee260.png\" width=\"977\" height=\"381\" /></p>\n<p><img src=\"https://www.budaos.com/manage/uploads/cbeditor-image/2022-02-09/59d20afe15854caa840b46d16fac9626.png\" width=\"983\" height=\"339\" /></p>\n<p>包括十个章节，50个实战任务。</p>\n<p><img src=\"https://www.budaos.com/manage/uploads/cbeditor-image/2022-02-09/93e417107a1f40daa55b05d3909c1a47.png\" width=\"984\" height=\"569\" /></p>\n<p><img src=\"https://www.budaos.com/manage/uploads/cbeditor-image/2022-02-09/d5cd68d46db44b5bb27ae746a89dfd0c.png\" width=\"969\" height=\"580\" /></p>', 'e0eab2cde5114852b93c06b5bb41a797', '1', 'e4956a0c5e7449aeb8bb2ca5cd862c4b', '2022-05-03', '/uploads/class-img/7b627df5-3656-475a-a9f3-11be69d8f516.png');
INSERT INTO `t_evgl_tch_class` VALUES ('30033442181c405d9015b4ac4bd66115', '1c5e7a77b9c94f1688b81e2f9739b6f2', 'c58056a52099439cb1c527b76b5e0aab', '', '软件G32002', 'fcb67a65-bf89-417d-b7b1-5d8bc63daa78.jpeg', NULL, NULL, NULL, '1', '2022-02-20 17:58:29', NULL, NULL, '', '3', '', '2022-02-08', NULL, NULL, 1, '', '124b856d6e984ad4a07470fb404c267c', '', 'e4956a0c5e7449aeb8bb2ca5cd862c4b', '', '');
INSERT INTO `t_evgl_tch_class` VALUES ('3223f9a34d1c495782b7afbb7e347304', '1cd2c3ccaf814e04a2792da827ca91ed', '845786f2bfbf46398e3b495f6c7014bc', '', '8天入门微信小程序', 'aee77923-526d-4c5d-ba14-aa96bb1c3d59.jpeg', NULL, NULL, NULL, '1', '2021-12-24 19:32:05', '1', '2022-05-04 09:26:33', '', '3', '2022-05-14', '2022-06-14', NULL, NULL, 100, '<h1><span style=\"font-size: 16px;\"><span style=\"color: #ff9900;\">从0开始</span> 构建一个带货直播小程序</span></h1>\n<p><span style=\"font-size: 24px;\"><img src=\"https://www.budaos.com/manage/uploads/cbeditor-image/2022-01-05/2344f3c97c694eecb84ac747468031ea.jpg\" alt=\"\" width=\"635\" height=\"358\" /></span></p>\n<p style=\"text-indent: 2em;\"><span style=\"font-size: 14px; line-height: 2;\">小程序直播是微信官方提供的商家经营工具。通过手机、摄像头、摄像机等摄像终端，商家可以在小程序中实现直播互动与商品销售闭环。深度嵌入微信生态，适用企业直播、电商直播、教育直播、活动直播等多个行业场景应用，满足企业品牌介绍、商品展示、功效讲解等多种直播营销需求，为企业提供引流变现的专业级直播解决方案。粉丝、用户也可以实时通过小程序观看、在线互动，获得如临现场的全新体验。</span></p>\n<p><span style=\"font-size: 14px; color: #ff9900;\"><strong>想快速入门小程序开发就需要从必备的API和核心开发等基础知识入手，建立整个小程序的知识体系。</strong></span></p>\n<h3><span style=\"font-size: 14px;\">学习目标：</span></h3>\n<p class=\"mb24\"><span style=\"font-size: 14px;\">新手入门与项目实战</span></p>\n<h3><span style=\"font-size: 14px;\">课程重点：&nbsp;</span></h3>\n<ol>\n<li class=\"targetlist\"><span style=\"font-size: 14px; line-height: 2;\">小程序核心技术，常用API精讲</span></li>\n<li class=\"targetlist\"><span style=\"font-size: 14px; line-height: 2;\">提高学习微信小程序开发的信心</span></li>\n<li class=\"targetlist\"><span style=\"font-size: 14px; line-height: 2;\">了解微信小程序生态，加深对专业前景的认知</span></li>\n<li class=\"targetlist\"><span style=\"font-size: 14px; line-height: 2;\">初步掌握微信小程序开发的学习方法</span></li>\n<li class=\"targetlist\"><span style=\"font-size: 14px; line-height: 2;\">小程序开发思想，学会举一反三</span></li>\n<li class=\"targetlist\"><span style=\"font-size: 14px; line-height: 2;\">构建一个实用的带货直播小程序项目</span></li>\n<li class=\"targetlist\"><span style=\"font-size: 14px; line-height: 2;\">学会如何调用后台提供的服务接口</span></li>\n<li class=\"targetlist\"><span style=\"font-size: 14px; line-height: 2;\">学会如何发布微信小程序</span><span style=\"font-size: 16px;\"><br /></span></li>\n</ol>\n<h1><span style=\"font-size: 14px;\"><span style=\"color: #ff6600;\">项目</span>的每个页面都是<span style=\"color: #ff6600;\">干货</span>，让你学到小程序的<span style=\"color: #ff6600;\">核心技术</span></span></h1>\n<h1 data-id=\"heading-1\"><span style=\"font-size: 14px;\">你将收获</span></h1>\n<p><span style=\"font-size: 14px; line-height: 2;\">📖&nbsp;<strong>前端知识</strong>：编程大咖多年 coding 经验倾心分享，技能突飞猛进，技术视野打开。</span><br /><span style=\"font-size: 14px; line-height: 2;\">❤️&nbsp;<strong>前辈心得</strong>：与同学们零距离走心畅谈，职场困惑一扫而空。</span><br /><span style=\"font-size: 14px; line-height: 2;\">📚&nbsp;<strong>学习秘籍</strong>：独家前端学习路线，&ldquo;弯道超车&rdquo;就是现在。</span><br /><span style=\"font-size: 14px;\">📒&nbsp;<strong>项目实战</strong>：专为培训机构开发的小程序项目，更适合你快速熟悉小程序的核心组件、开发过程。</span></p>\n<p><span style=\"font-size: 14px;\"><strong>学习内容</strong></span></p>\n<ol>\n<li style=\"text-align: left;\"><span style=\"font-size: 14px; line-height: 2;\">小程序的基本目录结构，小程序的文件类型与HTML对比，小程序的基本响应式单位rpx，小程序核心组件。</span></li>\n<li style=\"text-align: left;\"><span style=\"font-size: 14px; line-height: 2;\">配置文件与全局配置文件,Page页面的生命周期,单向与简易双向数据绑定,列表渲染、小程序的MVVM模式</span><span style=\"font-size: 14px; line-height: 2;\">,小程序的路由系统。</span></li>\n<li style=\"text-align: left;\"><span style=\"font-size: 14px; line-height: 2;\">自定义组件,组件与模板的区别,页面与组件,组件的属性,组件的监听器。</span></li>\n<li style=\"text-align: left;\"><span style=\"font-size: 14px; line-height: 2;\">小程序与服务端API通信,小程序的核心开放API,小程序的wx.request,异步编程async与await,ES6语法。</span></li>\n<li style=\"text-align: left;\"><span style=\"font-size: 14px; line-height: 2;\">小程序和服务端通信逻辑,setData的意义和特点,使用LinUI组件库快速开发小程序,小程序条件渲染与逻辑适配,</span><span style=\"font-size: 14px; line-height: 2;\">小程序ScrollView组件的使用。</span></li>\n<li style=\"text-align: left;\"><span style=\"font-size: 14px; line-height: 2;\">商品展示、直播间、直播间带货等功能。</span></li>\n</ol>\n<p><span style=\"font-size: 16px;\"><img src=\"https://www.budaos.com/manage/uploads/cbeditor-image/2022-01-05/95992212209448549d32517ea117b259.png\" width=\"517\" height=\"313\" /></span></p>', '124b856d6e984ad4a07470fb404c267c', '1', '278174c1a0024770aad1429d7dc842e9', '2022-05-08', '/uploads/class-img/ebefaf93-d68e-48b8-84ae-049db6b14c57.jpeg');
INSERT INTO `t_evgl_tch_class` VALUES ('380c584004fb4696899c65fe56c8a54c', 'd9fbce2fba844ae6b34f69ce2278f191', 'fd5f006eacee4aafab29248649af2a92', '99999', 'Java就业班【12期】', 'c1c05f6d-95f8-4117-bbab-339cf4d63372.jpeg', NULL, NULL, NULL, '1', '2021-06-28 10:41:57', '1', '2021-12-23 17:33:15', '', '3', '2021-06-27', '2021-06-27', NULL, NULL, 100, '', '350674e438e14598a96cec4e8167cb0b', '2', 'e4956a0c5e7449aeb8bb2ca5cd862c4b', '2021-06-27', NULL);
INSERT INTO `t_evgl_tch_class` VALUES ('38fd372e0ac74e79997f3dffb7967742', '1cd2c3ccaf814e04a2792da827ca91ed', 'fd5f006eacee4aafab29248649af2a92', '2099', '前端就业班【11期】', 'e5d0a175-f21d-4e92-bd9f-c0fa58237e23.gif', NULL, NULL, NULL, '1', '2021-12-13 19:04:42', '1', '2021-12-24 19:06:46', '', '4', '2020-11-09', '2020-11-09', NULL, NULL, 1, '', 'd24cef2333374391b8bd62696c5191b3', '2', 'd24cef2333374391b8bd62696c5191b3', '2020-11-09', NULL);
INSERT INTO `t_evgl_tch_class` VALUES ('38fee03cb11a47f0bd5ba139b0c454cf', '1cd2c3ccaf814e04a2792da827ca91ed', 'fd5f006eacee4aafab29248649af2a92', '', '前端就业班【7期】', 'aee77923-526d-4c5d-ba14-aa96bb1c3d59.jpeg', NULL, NULL, NULL, '1', '2021-12-13 19:39:41', '1', '2021-12-24 19:05:48', '', '4', '2018-11-14', '2018-11-14', NULL, NULL, 100, '', 'f22159d305594ca0b6775415334a7a39', '2', '278174c1a0024770aad1429d7dc842e9', '2018-11-14', NULL);
INSERT INTO `t_evgl_tch_class` VALUES ('3c3a29a0a52a4d288fa020a42e39c864', '3bd04aeedb304e9aa6287932b3b5a1d8', 'fd5f006eacee4aafab29248649af2a92', '', '专升本提升班', 'fcb67a65-bf89-417d-b7b1-5d8bc63daa78.jpeg', NULL, NULL, NULL, '1', '2020-10-27 15:39:16', '1', '2021-12-24 19:08:05', '', '4', '2020-04-07', '2020-04-07', NULL, NULL, 28, '', 'f5da114d8f30480d81eb3a974a7cad2f', '1', 'd24cef2333374391b8bd62696c5191b3', '2020-04-07', NULL);
INSERT INTO `t_evgl_tch_class` VALUES ('4026708a433c444eb11c61957c08ba88', '83bc5ba73b5a4df793b2a0d1e3878da3', 'fccade7bb8ac4dcb8c56e5341437c786', '', '软件2111班', 'fcb67a65-bf89-417d-b7b1-5d8bc63daa78.jpeg', NULL, NULL, NULL, '1', '2022-09-06 09:20:03', NULL, NULL, '', '3', '', '2022-09-06', NULL, NULL, 100, '', '98e454983977464e815bbdeb0a9a990d', '', 'e4956a0c5e7449aeb8bb2ca5cd862c4b', '', '');
INSERT INTO `t_evgl_tch_class` VALUES ('41cacb375aa94bc3991ade115349deb1', '1c5e7a77b9c94f1688b81e2f9739b6f2', 'c58056a52099439cb1c527b76b5e0aab', '', '软件G32007', 'aee77923-526d-4c5d-ba14-aa96bb1c3d59.jpeg', NULL, NULL, NULL, '1', '2022-02-20 18:02:54', NULL, NULL, '', '3', '', '2022-02-15', NULL, NULL, 1, '', 'd24cef2333374391b8bd62696c5191b3', '', 'e0eab2cde5114852b93c06b5bb41a797', '', '');
INSERT INTO `t_evgl_tch_class` VALUES ('494080cf331f4015a4f3578e769d0449', '1c5e7a77b9c94f1688b81e2f9739b6f2', 'c58056a52099439cb1c527b76b5e0aab', '', '软件G32012', 'aee77923-526d-4c5d-ba14-aa96bb1c3d59.jpeg', NULL, NULL, NULL, '1', '2022-02-20 18:05:33', NULL, NULL, '', '3', '', '2022-02-08', NULL, NULL, 1, '', '9f52397c7c0f4627839294fba7ff1fda', '', '98e454983977464e815bbdeb0a9a990d', '', '');
INSERT INTO `t_evgl_tch_class` VALUES ('4c28658f6fab44a6a841fd3d58ced6a5', '1c5e7a77b9c94f1688b81e2f9739b6f2', 'fd5f006eacee4aafab29248649af2a92', '10089', '软测就业班【6期】', 'fcb67a65-bf89-417d-b7b1-5d8bc63daa78.jpeg', NULL, NULL, NULL, '1', '2021-06-02 15:31:16', '1', '2021-12-24 19:08:48', '', '4', '2018-07-20', '2018-07-20', NULL, NULL, 100, '', 'fe4b856d6e984ad4a07470fb404c267c', '2', '001', '2018-07-20', NULL);
INSERT INTO `t_evgl_tch_class` VALUES ('4f137fbc8cbc41f18e07a4fa928074dd', '83bc5ba73b5a4df793b2a0d1e3878da3', 'fccade7bb8ac4dcb8c56e5341437c786', '2006', '软件2006班', 'fcb67a65-bf89-417d-b7b1-5d8bc63daa78.jpeg', NULL, NULL, NULL, '1', '2021-10-15 21:31:43', '1', '2021-12-23 17:33:06', '', '3', '2021-12-15', '2021-12-15', NULL, NULL, 100, '', 'f22159d305594ca0b6775415334a7a39', '1', 'e4956a0c5e7449aeb8bb2ca5cd862c4b', '2021-12-15', NULL);
INSERT INTO `t_evgl_tch_class` VALUES ('593602ad9c224094877a06a5e3c375f0', '1cd2c3ccaf814e04a2792da827ca91ed', 'fd5f006eacee4aafab29248649af2a92', '0001', '前端就业班【12期】', 'aee77923-526d-4c5d-ba14-aa96bb1c3d59.jpeg', NULL, NULL, NULL, '1', '2021-12-13 19:02:35', '1', '2021-12-23 17:28:00', '', '3', '2021-06-14', '2021-06-14', NULL, NULL, 100, '', '350674e438e14598a96cec4e8167cb0b', '2', 'd24cef2333374391b8bd62696c5191b3', '2020-12-23', NULL);
INSERT INTO `t_evgl_tch_class` VALUES ('598c35351f4a44c79de7ac21f090c25c', '1cd2c3ccaf814e04a2792da827ca91ed', 'fd5f006eacee4aafab29248649af2a92', '100', '前端就业班【6期】', 'fcb67a65-bf89-417d-b7b1-5d8bc63daa78.jpeg', NULL, NULL, NULL, '1', '2021-07-08 16:39:53', '1', '2021-12-24 19:08:26', '', '4', '2017-12-15', '2017-12-15', NULL, NULL, 100, '', 'fe4b856d6e984ad4a07470fb404c267c', '2', '278174c1a0024770aad1429d7dc842e9', '2017-12-15', NULL);
INSERT INTO `t_evgl_tch_class` VALUES ('60e5c5ca3ca84278a05ebc96b0393524', 'd9fbce2fba844ae6b34f69ce2278f191', 'fd5f006eacee4aafab29248649af2a92', '10001', 'Java就业班【13期】', 'fcb67a65-bf89-417d-b7b1-5d8bc63daa78.jpeg', NULL, NULL, NULL, '1', '2021-11-09 14:15:50', '1', '2021-12-23 17:31:41', '', '3', '2021-11-11', '2021-11-11', NULL, NULL, 100, '', '124b856d6e984ad4a07470fb404c267c', '2', 'e4956a0c5e7449aeb8bb2ca5cd862c4b', '2021-09-11', NULL);
INSERT INTO `t_evgl_tch_class` VALUES ('6cab97a85c8d450f9c969531d10ef8ff', '1cd2c3ccaf814e04a2792da827ca91ed', 'fccade7bb8ac4dcb8c56e5341437c786', '', 'JavaScript入门公开课', 'fcb67a65-bf89-417d-b7b1-5d8bc63daa78.jpeg', NULL, NULL, NULL, '1', '2022-04-21 10:18:40', '1', '2022-06-28 15:00:01', '', '4', '2022-05-08', '2022-05-08', NULL, NULL, 1, '<p>以任务驱动反向推动学习，让每个知识点技能点都能学以致用，使学员的学习更具方向性。</p>\n<p>1.增量式的知识框架讲解</p>\n<p>利用增量式开发，每一步增量实现了一个或多个最终用户功能，无需重做前期增量。让你轻松在一个完整系统中对每个增量进行正确性验证。</p>\n<p>2.详细的操作指导手册</p>\n<p>车同轨，书同文，一统代码江湖。迭代技术点，从编码步骤、 源码参考等六个维度，对每个条目下有相应的扩展解释和说明。</p>\n<p>3.完整的真实案例源代码解读</p>\n<p>解读,提供该课程教学内容的素材，适合0项目开发经验的软件开发初学者使用，让学习更专注！</p>\n<p>4.只学有用的-场景案例动手实战</p>\n<p>全程敲代码，绝不纸上谈兵，注重培养学生的动手，动脑以及解决业务能力；每个场景都覆盖一个阶段技术点。经典2-8原则，8分动手敲代码。</p>\n<p><img src=\"https://www.budaos.com/manage/uploads/cbeditor-image/2022-04-22/8856280d375048f185cc9c30f28557fe.png\" width=\"670\" height=\"548\" /></p>\n<p><img src=\"https://www.budaos.com/manage/uploads/cbeditor-image/2022-04-22/e355b88b33174492bf90aff0c8a46e3d.png\" width=\"659\" height=\"308\" /></p>\n<p><img src=\"https://www.budaos.com/manage/uploads/cbeditor-image/2022-04-22/eb60f394db074e07934aede10b427fbd.png\" width=\"659\" height=\"496\" /></p>', '124b856d6e984ad4a07470fb404c267c', '1', '278174c1a0024770aad1429d7dc842e9', '2022-04-21', '');
INSERT INTO `t_evgl_tch_class` VALUES ('6e339ac116f940f192868eae6db1eb4c', '1c5e7a77b9c94f1688b81e2f9739b6f2', 'c58056a52099439cb1c527b76b5e0aab', '', '软件G32008', 'aee77923-526d-4c5d-ba14-aa96bb1c3d59.jpeg', NULL, NULL, NULL, '1', '2022-02-20 18:03:14', NULL, NULL, '', '3', '', '2022-02-14', NULL, NULL, 1, '', 'd24cef2333374391b8bd62696c5191b3', '', 'e0eab2cde5114852b93c06b5bb41a797', '', '');
INSERT INTO `t_evgl_tch_class` VALUES ('76c24ca492994811baede6e1f0a26ac3', 'd9fbce2fba844ae6b34f69ce2278f191', 'fd5f006eacee4aafab29248649af2a92', '000003', 'Java就业班【3期】', 'c1c05f6d-95f8-4117-bbab-339cf4d63372.jpeg', NULL, NULL, NULL, '1', '2021-12-13 09:08:32', '1', '2021-12-23 17:28:53', '', '3', '2018-12-09', '2018-12-09', NULL, NULL, 100, '', 'e4956a0c5e7449aeb8bb2ca5cd862c4b', '2', '1a9a33b872aa48bcbb2141f35217ce00', '2018-09-09', NULL);
INSERT INTO `t_evgl_tch_class` VALUES ('7903037d04a4401fbb6f84621a8be315', '1c5e7a77b9c94f1688b81e2f9739b6f2', 'c58056a52099439cb1c527b76b5e0aab', '', '软件G32006', 'aee77923-526d-4c5d-ba14-aa96bb1c3d59.jpeg', NULL, NULL, NULL, '1', '2022-02-20 18:02:30', NULL, NULL, '', '3', '', '2022-02-15', NULL, NULL, 1, '', '3297976d8aff47b78e60efce4596cf02', '', '278174c1a0024770aad1429d7dc842e9', '', '');
INSERT INTO `t_evgl_tch_class` VALUES ('7d7c93123fc247c687214ac3d83e8ec2', '1c5e7a77b9c94f1688b81e2f9739b6f2', 'fd5f006eacee4aafab29248649af2a92', '11009', '软测就业班【7期】', 'e5d0a175-f21d-4e92-bd9f-c0fa58237e23.gif', NULL, NULL, NULL, '1', '2021-06-22 20:40:09', '1', '2021-12-24 19:08:41', '', '4', '2018-12-10', '2018-12-10', NULL, NULL, 100, '', 'f22159d305594ca0b6775415334a7a39', '2', '001', '2018-12-10', NULL);
INSERT INTO `t_evgl_tch_class` VALUES ('81691389fb884d8a8d348cc8cf14326e', '1c5e7a77b9c94f1688b81e2f9739b6f2', 'df3288d2098943cb8d71fa984d3ac0b9', '', '软测就业班【8期】', 'c1c05f6d-95f8-4117-bbab-339cf4d63372.jpeg', NULL, NULL, NULL, '1', '2021-07-08 16:38:57', '1', '2021-12-24 19:08:33', '', '4', '2019-09-06', '2019-09-06', NULL, NULL, 100, '', 'f22159d305594ca0b6775415334a7a39', '2', '001', '2019-09-06', NULL);
INSERT INTO `t_evgl_tch_class` VALUES ('816de99e83d747778a87a687dea6f0ef', '1c5e7a77b9c94f1688b81e2f9739b6f2', 'fd5f006eacee4aafab29248649af2a92', '', '软测就业班【10期】', 'c1c05f6d-95f8-4117-bbab-339cf4d63372.jpeg', NULL, NULL, NULL, '1', '2021-03-08 17:44:37', '1', '2021-12-24 19:07:38', '', '4', '2020-09-07', '2020-09-07', NULL, NULL, 40, '', '98e454983977464e815bbdeb0a9a990d', '2', '98e454983977464e815bbdeb0a9a990d', '2020-09-07', NULL);
INSERT INTO `t_evgl_tch_class` VALUES ('8576821a97f444ef91d4fd52843515d1', '1c5e7a77b9c94f1688b81e2f9739b6f2', 'fd5f006eacee4aafab29248649af2a92', '', '软测就业班【12期】', 'c1c05f6d-95f8-4117-bbab-339cf4d63372.jpeg', NULL, NULL, NULL, '1', '2020-10-24 08:21:12', '1', '2021-12-23 17:34:24', '', '3', '2021-01-22', '2021-01-22', NULL, NULL, 49, '', 'f22159d305594ca0b6775415334a7a39', '2', '001', '2021-01-22', NULL);
INSERT INTO `t_evgl_tch_class` VALUES ('858dcf67f25a467aa404c17ea0cbdd86', '1cd2c3ccaf814e04a2792da827ca91ed', 'fd5f006eacee4aafab29248649af2a92', '1908', '前端就业班【4期】', 'aee77923-526d-4c5d-ba14-aa96bb1c3d59.jpeg', NULL, NULL, NULL, '1', '2021-03-06 15:14:26', '1', '2021-12-24 19:07:56', '', '4', '2017-03-19', '2017-03-19', NULL, NULL, 42, '', 'e4956a0c5e7449aeb8bb2ca5cd862c4b', '2', '278174c1a0024770aad1429d7dc842e9', '2017-03-19', NULL);
INSERT INTO `t_evgl_tch_class` VALUES ('86181eb9393e409cb406ed01affa2acb', 'd9fbce2fba844ae6b34f69ce2278f191', 'fd5f006eacee4aafab29248649af2a92', '10001', 'Java就业班【14期】', 'aee77923-526d-4c5d-ba14-aa96bb1c3d59.jpeg', NULL, NULL, NULL, '1', '2021-11-29 20:16:48', '1', '2022-06-28 15:05:02', '1380', '1', '2022-07-10', '2022-07-11', NULL, NULL, 30, '<section><span style=\"font-size: 14px;\"><span style=\"font-size: 18px; color: #ff6600;\">完成三个企业级项目（布道师微信直播项目、永州供销惠万家项目、户外通旅游项目）</span></span></section>\n<section>\n<p><span style=\"font-size: 24px; color: #ff9900;\"><strong>IT界的第一语言</strong></span></p>\n<p style=\"text-indent: 2em;\"><span style=\"font-size: 14px;\">Java是全球范围内九大主流编程语言中最受欢迎，使用人数最多，价值性最高的编程语言。</span><br /><span style=\"font-size: 14px;\">也是大数据时代普通行业转型升级首选，软件行业的顶梁柱，永不过时的就业选择。</span></p>\n</section>\n<p><img src=\"https://www.budaos.com/manage/uploads/cbeditor-image/2021-12-21/39f2de4577f04f919c6d877d9135ad62.png\" /></p>\n<p><img src=\"https://www.budaos.com/manage/uploads/cbeditor-image/2021-12-21/33c639367991474786f279da14382d91.png\" /></p>\n<p><img src=\"https://www.budaos.com/manage/uploads/cbeditor-image/2021-12-20/e66f44f164754c618542de06f0db47be.png\" alt=\"\" width=\"1095\" height=\"215\" /></p>\n<p><img src=\"https://www.budaos.com/manage/uploads/cbeditor-image/2021-12-20/59c07ecafcfb4fc6b620d091b1d54b66.png\" alt=\"\" width=\"1113\" height=\"278\" /></p>\n<h1><span style=\"font-size: 18px;\">学四大前沿热门技术，超前接轨人才市场需求</span></h1>\n<h1><span style=\"font-size: 18px;\">创蓝教育全新JavaEE课程体系，由一线教学团队精心打磨,<strong>更注重编程底层逻辑培养，知其然更知其所以然。</strong></span></h1>\n<section><span style=\"font-size: 14px;\"><img src=\"https://www.budaos.com/manage/uploads/cbeditor-image/2021-12-21/0d06f986779f475a9a75a2f133936b7c.png\" /></span></section>\n<section></section>\n<section>\n<p><span style=\"font-size: 24px; color: #ff9900;\">实践出真知要动就动真格的</span></p>\n<h2 style=\"text-align: justify;\"><span style=\"font-size: 24px;\">&nbsp; &nbsp; &nbsp; &nbsp; <span style=\"color: #0000ff;\">工作驾轻就熟的秘诀</span></span></h2>\n<h1 style=\"text-align: justify;\"><span style=\"font-size: 24px;\">&nbsp; &nbsp; &nbsp; &nbsp; &nbsp;<span style=\"color: #0000ff;\"><span style=\"color: #ff9900;\">项目真，技术深</span></span></span></h1>\n<p style=\"text-align: justify;\"><span style=\"font-size: 24px;\">&nbsp; 三大实战项目，代码超10w行</span></p>\n<p><img src=\"https://www.budaos.com/manage/uploads/cbeditor-image/2021-12-21/2e1e6529674c49c99718baf508385ebb.png\" /></p>\n<p><span style=\"font-size: 14px;\">光说不练假把式，强化学员的动手能力，按照企业真实项目的开发流程实施项目。项目经理责任制，从团队组建、项目分工，直到系统实现和上线。让学员无缝融入企业，工作常态化。</span></p>\n<p><span style=\"color: #ff9900; font-size: 24px;\"><strong>移动端</strong></span></p>\n<p><img src=\"https://www.budaos.com/manage/uploads/cbeditor-image/2021-12-21/9f88a6e5c6514148aa7074162653868f.png\" /></p>\n<p><img src=\"https://www.budaos.com/manage/uploads/cbeditor-image/2021-12-21/fb69c731295342e58b3f881a443da72a.png\" /></p>\n<p>&nbsp;</p>\n<p><strong><span style=\"font-size: 24px; color: #ffcc00;\">PC管理端</span></strong></p>\n<p><img src=\"https://www.budaos.com/manage/uploads/cbeditor-image/2021-12-21/8e544ddd37ac4a5fb279a8b41c9b7c6b.png\" /></p>\n<p><span style=\"font-size: 24px;\"><strong><span style=\"color: #ffcc00;\">大屏数据</span></strong></span></p>\n<p><img src=\"https://www.budaos.com/manage/uploads/cbeditor-image/2021-12-21/076c6e7e07a9430c9f79870853309b92.png\" /></p>\n<p><img src=\"https://www.budaos.com/manage/uploads/cbeditor-image/2021-12-21/f0b6de77190d4501a68564a7deba1d91.png\" /></p>\n<p><img src=\"https://www.budaos.com/manage/uploads/cbeditor-image/2021-12-21/f4250811486b4836888005553b8e9e01.png\" /></p>\n<p><img src=\"https://www.budaos.com/manage/uploads/cbeditor-image/2021-12-21/e21d9dfde72b4c70be1b51511e808882.png\" /></p>\n<p><img src=\"https://www.budaos.com/manage/uploads/cbeditor-image/2021-12-21/a88e293c5f6b49bdb31bec4f9871671d.png\" /></p>\n<p><span style=\"font-size: 24px; color: #ffcc00;\">案例体验</span></p>\n<p><span style=\"font-size: 24px; color: #ffcc00;\">在小程序中用以下关键字搜索体验</span></p>\n<p><span style=\"font-size: 14px;\"><a class=\"weapp_text_link\" href=\"https://www.yzgxhwj.com/#/index\" data-miniprogram-appid=\"wx373c3037f561ac0c\" data-miniprogram-path=\"pages/tabbar/index/index\" data-miniprogram-nickname=\"永州供销惠万家一网通\" data-miniprogram-type=\"text\" data-miniprogram-servicetype=\"\">永州供销惠万家一网通</a>&nbsp; </span></p>\n<p><span style=\"font-size: 14px;\"><a class=\"weapp_text_link\" href=\"https://mp.weixin.qq.com/s?__biz=MzI4MTYxNTQxMw==&amp;mid=2247484472&amp;idx=1&amp;sn=3135eb338b274bc51c3778ece11caca6&amp;chksm=eba7c962dcd040741b9edc18beeadda6f635e16d3f1f181ec9f349e4383c6769f4cce0796754&amp;token=1089717229&amp;lang=zh_CN\" data-miniprogram-appid=\"wx8a5bab5660955bfa\" data-miniprogram-path=\"pages/index/index\" data-miniprogram-nickname=\"丝路乡甜\" data-miniprogram-type=\"text\" data-miniprogram-servicetype=\"\">乡路丝甜</a>&nbsp;</span></p>\n<p><span style=\"font-size: 14px;\"><a class=\"weapp_text_link\" href=\"http://www.budaos.com\" data-miniprogram-appid=\"wx782efe0306206d7b\" data-miniprogram-path=\"pages/home/index/index\" data-miniprogram-nickname=\"布道师高校版\" data-miniprogram-type=\"text\" data-miniprogram-servicetype=\"\">布道师高校版</a></span></p>\n<p><span style=\"color: #ff6600; font-size: 24px;\"><strong>复制如下链接在电脑端体验</strong></span></p>\n<p><span style=\"color: #ff6600; font-size: 24px;\"><strong><span style=\"font-size: 14px;\"><a class=\"weapp_text_link\" href=\"https://www.yzgxhwj.com/#/index\" data-miniprogram-appid=\"wx373c3037f561ac0c\" data-miniprogram-path=\"pages/tabbar/index/index\" data-miniprogram-nickname=\"永州供销惠万家一网通\" data-miniprogram-type=\"text\" data-miniprogram-servicetype=\"\">永州供销惠万家一网通</a>&nbsp;</span></strong></span></p>\n<p><span style=\"font-size: 14px;\"><a class=\"weapp_text_link\" href=\"http://www.budaos.com/mgr\" data-miniprogram-appid=\"wx782efe0306206d7b\" data-miniprogram-path=\"pages/home/index/index\" data-miniprogram-nickname=\"布道师高校版\" data-miniprogram-type=\"text\" data-miniprogram-servicetype=\"\">教学实训云平台</a></span></p>\n<p><span style=\"font-size: 14px;\"><a href=\"http://www.creatorblue.com/car/\" target=\"_blank\" rel=\"noopener\" data-linktype=\"2\">响应式网站项目</a></span></p>\n<p><span style=\"font-size: 14px;\"><a href=\"http://www.creatorblue.com/hq/\" target=\"_blank\" rel=\"noopener\" data-linktype=\"2\">三合一网站解决方案(PC端、手机端、微信端)</a></span></p>\n<p><span style=\"font-size: 24px; color: #ff9900;\">技术要点</span></p>\n<p><span style=\"font-size: 14px;\"><strong>前端技术</strong>：HTML5、CSS3、Javascript、Jquery、Vue、ElementUI、Thymeleaf</span></p>\n<p><span style=\"font-size: 14px;\"><strong>后端技术</strong>：Java、SpringCloud、SpringBoot、Dubbo、Zookeeper、MyBatis-Plus、RabbitMQ、Elasticsearch、Logstash、Kibana、Shiro、Jwt、Spring Security</span></p>\n<p><span style=\"font-size: 14px;\"><strong>数据库技术</strong>：MySQL（Mariadb）、Oracle、Redis</span></p>\n<p><span style=\"font-size: 14px;\"><strong>应用服务器</strong>：Tomcat、Jetty、Nginx、Apache</span></p>\n<p><span style=\"font-size: 14px;\"><strong>操作系统及容器</strong>：Windows、Linux、Docker</span></p>\n<p><span style=\"font-size: 14px;\"><strong>常用软件及工具</strong>：Maven、Git、禅道、JMeter、Gradle、Junit</span></p>\n</section>', '98e454983977464e815bbdeb0a9a990d', '2', '1a9a33b872aa48bcbb2141f35217ce00', '2022-05-08', NULL);
INSERT INTO `t_evgl_tch_class` VALUES ('86e773d3b3d242ac8602adbb55a2a815', 'd9fbce2fba844ae6b34f69ce2278f191', 'fccade7bb8ac4dcb8c56e5341437c786', '', '软件1909', 'e5d0a175-f21d-4e92-bd9f-c0fa58237e23.gif', NULL, NULL, NULL, '1', '2021-03-08 17:43:18', '1', '2021-12-23 17:34:15', '', '3', '2021-09-07', '2021-09-07', NULL, NULL, 40, '', '98e454983977464e815bbdeb0a9a990d', '1', 'e4956a0c5e7449aeb8bb2ca5cd862c4b', '2021-09-07', NULL);
INSERT INTO `t_evgl_tch_class` VALUES ('88e4cbf73cce4a86aa9bc60369943d27', '1c5e7a77b9c94f1688b81e2f9739b6f2', 'c58056a52099439cb1c527b76b5e0aab', '', '软件G32005', 'aee77923-526d-4c5d-ba14-aa96bb1c3d59.jpeg', NULL, NULL, NULL, '1', '2022-02-20 18:02:12', NULL, NULL, '', '3', '', '2022-02-08', NULL, NULL, 1, '', '3297976d8aff47b78e60efce4596cf02', '', '278174c1a0024770aad1429d7dc842e9', '', '');
INSERT INTO `t_evgl_tch_class` VALUES ('89820cd3f92a475a968cac750ec52e88', '1c5e7a77b9c94f1688b81e2f9739b6f2', 'fd5f006eacee4aafab29248649af2a92', '', '软测就业班【13期】', 'fcb67a65-bf89-417d-b7b1-5d8bc63daa78.jpeg', NULL, NULL, NULL, '1', '2021-03-08 17:43:30', '1', '2021-12-23 17:34:04', '', '3', '2021-11-07', '2021-11-07', NULL, NULL, 40, '', '98e454983977464e815bbdeb0a9a990d', '2', '98e454983977464e815bbdeb0a9a990d', '2021-11-07', NULL);
INSERT INTO `t_evgl_tch_class` VALUES ('8a7e5cef0e434588bd23fc7bd6b84436', '4de2954d7e18476fbefe6d4d5f5d4903', 'fd5f006eacee4aafab29248649af2a92', '', '暑假运维就业班【14期】', 'c1c05f6d-95f8-4117-bbab-339cf4d63372.jpeg', NULL, NULL, NULL, '1', '2021-09-25 16:19:05', '1', '2022-06-28 15:04:35', '', '1', '2022-07-10', '2022-07-10', NULL, NULL, 60, '<p class=\"dec\"><strong><span style=\"font-size: 16px;\">核心技术：</span></strong><span style=\"font-size: 18px; color: #ff6600;\">数据库技术、操作系统Linux、虚拟机、网络相关、Docker容器及自动化运维</span></p>\n<p class=\"dec\"><span style=\"font-size: 18px; color: #ff6600;\">完成十个企业级运维项目实操。</span></p>\n<p class=\"title\">打开多维职业发展路径 解锁云时代&ldquo;薪&rdquo;密码</p>\n<p class=\"dec\">细分技术领域，让学员能够适应多维岗位</p>\n<p class=\"dec\"><img src=\"https://www.budaos.com/manage/uploads/cbeditor-image/2021-12-22/2990309e10cd45c0ba2ce8447c694072.png\" /><img src=\"https://www.budaos.com/manage/uploads/cbeditor-image/2021-12-22/83b6052be367463391d37eceb733bd46.png\" width=\"572\" height=\"415\" /></p>\n<p class=\"title\">课程内容全新升级 面向行业热点紧抓技术痛点</p>\n<p class=\"dec\">以企业真实需求为导向，以前沿技术为突破点，攻克求职关卡</p>\n<p class=\"dec\"><img src=\"https://www.budaos.com/manage/uploads/cbeditor-image/2022-02-08/1bad0fc53cf449ae86fe566c93ebfd89.png\" width=\"714\" height=\"533\" /></p>\n<p class=\"dec\">&nbsp;</p>\n<p class=\"dec\"><img src=\"https://www.budaos.com/manage/uploads/cbeditor-image/2022-02-08/b7648b9d7a174cf381ede0742d7f8567.png\" /></p>', 'fe9950dac4df41008caacae3ea560bf6', '2', 'e4956a0c5e7449aeb8bb2ca5cd862c4b', '2022-05-09', NULL);
INSERT INTO `t_evgl_tch_class` VALUES ('8a8cf01f91744fa59699e29133a611d5', '1c5e7a77b9c94f1688b81e2f9739b6f2', 'fd5f006eacee4aafab29248649af2a92', '', '软件测试工程师', 'e5d0a175-f21d-4e92-bd9f-c0fa58237e23.gif', NULL, NULL, NULL, '1', '2019-08-20 17:45:06', '1', '2021-12-23 17:34:34', '', '3', '2021-12-09', '2021-12-09', NULL, NULL, 1, '', 'f22159d305594ca0b6775415334a7a39', '2', '003', '2021-12-09', NULL);
INSERT INTO `t_evgl_tch_class` VALUES ('8e1686d3808e4f4bb8f02e103a18a093', '1c5e7a77b9c94f1688b81e2f9739b6f2', 'c58056a52099439cb1c527b76b5e0aab', '', '软件G32011', 'aee77923-526d-4c5d-ba14-aa96bb1c3d59.jpeg', NULL, NULL, NULL, '1', '2022-02-20 18:05:10', NULL, NULL, '', '3', '', '2022-02-08', NULL, NULL, 1, '', '9f52397c7c0f4627839294fba7ff1fda', '', '98e454983977464e815bbdeb0a9a990d', '', '');
INSERT INTO `t_evgl_tch_class` VALUES ('952846012dc041ddbf551da6e7edd765', '1c5e7a77b9c94f1688b81e2f9739b6f2', 'fd5f006eacee4aafab29248649af2a92', '', '软测就业班【11期】', 'c1c05f6d-95f8-4117-bbab-339cf4d63372.jpeg', NULL, NULL, NULL, '1', '2021-03-08 17:44:54', '1', '2021-12-24 19:08:57', '', '4', '2020-12-13', '2020-12-13', NULL, NULL, 40, '', '350674e438e14598a96cec4e8167cb0b', '2', '002', '2020-12-13', NULL);
INSERT INTO `t_evgl_tch_class` VALUES ('960111226ea0445280c61a2cc3fbf295', '83bc5ba73b5a4df793b2a0d1e3878da3', 'fccade7bb8ac4dcb8c56e5341437c786', '', '软件2002班', '62b8efcf-81b9-4d26-9f95-473429c3fe86.jpeg', NULL, NULL, NULL, '1', '2021-11-06 17:08:15', '1', '2022-02-19 09:25:51', '', '3', '2022-02-17', '2021-12-15', NULL, NULL, 100, '', 'e4956a0c5e7449aeb8bb2ca5cd862c4b', '', '278174c1a0024770aad1429d7dc842e9', '2022-02-08', NULL);
INSERT INTO `t_evgl_tch_class` VALUES ('97c181f1803a48dc8a255fea0242cd79', 'd9fbce2fba844ae6b34f69ce2278f191', 'fccade7bb8ac4dcb8c56e5341437c786', '', '软件1913', '62b8efcf-81b9-4d26-9f95-473429c3fe86.jpeg', NULL, NULL, NULL, '1', '2021-03-08 17:42:34', '1', '2021-12-19 17:12:20', '', '3', '', '2021-09-07', NULL, NULL, 40, '', '98e454983977464e815bbdeb0a9a990d', '1', '1a9a33b872aa48bcbb2141f35217ce00', NULL, NULL);
INSERT INTO `t_evgl_tch_class` VALUES ('9f243b3ae568481bb43a372c9fbc0b8f', 'd9fbce2fba844ae6b34f69ce2278f191', 'fccade7bb8ac4dcb8c56e5341437c786', '', 'Java就业班【7期】', '62b8efcf-81b9-4d26-9f95-473429c3fe86.jpeg', NULL, NULL, NULL, '1', '2020-10-24 10:07:44', '1', '2021-12-19 16:44:46', '', '4', '', '2020-09-07', NULL, NULL, 39, '', 'fd4aac01afef468a933a2fd2f5f2796e', '2', '1a9a33b872aa48bcbb2141f35217ce00', NULL, NULL);
INSERT INTO `t_evgl_tch_class` VALUES ('ae7b6a4d75a04b94b9d52feb28c46504', '1c5e7a77b9c94f1688b81e2f9739b6f2', 'fd5f006eacee4aafab29248649af2a92', '', '软测就业班【9期】', 'c1c05f6d-95f8-4117-bbab-339cf4d63372.jpeg', NULL, NULL, NULL, '1', '2021-07-08 16:40:27', '1', '2021-12-24 19:08:17', '', '4', '2019-09-07', '2019-09-07', NULL, NULL, 100, '', 'fe4b856d6e984ad4a07470fb404c267c', '2', '001', '2019-09-07', NULL);
INSERT INTO `t_evgl_tch_class` VALUES ('ba756bb047334fe6ad2871d77ae97cfd', '83bc5ba73b5a4df793b2a0d1e3878da3', 'fccade7bb8ac4dcb8c56e5341437c786', '', '软件2010班', 'fcb67a65-bf89-417d-b7b1-5d8bc63daa78.jpeg', NULL, NULL, NULL, '1', '2022-02-19 09:24:33', '1', '2022-02-19 09:25:19', '', '3', '', '2022-02-15', NULL, NULL, 100, '', '124b856d6e984ad4a07470fb404c267c', '', 'e4956a0c5e7449aeb8bb2ca5cd862c4b', '', '');
INSERT INTO `t_evgl_tch_class` VALUES ('bb3e1ea4d52d43f79e801b676db0eb87', '83bc5ba73b5a4df793b2a0d1e3878da3', 'fccade7bb8ac4dcb8c56e5341437c786', '', '软件2013班', 'c1c05f6d-95f8-4117-bbab-339cf4d63372.jpeg', NULL, NULL, NULL, '1', '2021-11-06 17:08:56', '1', '2022-02-19 09:25:31', '', '3', '2021-09-07', '2021-09-07', NULL, NULL, 1, '', 'e4956a0c5e7449aeb8bb2ca5cd862c4b', '1', '278174c1a0024770aad1429d7dc842e9', '2021-09-07', NULL);
INSERT INTO `t_evgl_tch_class` VALUES ('c3c9e388dc98434f8c24e2f4913840ac', 'd9fbce2fba844ae6b34f69ce2278f191', 'fccade7bb8ac4dcb8c56e5341437c786', '', '软件2001班', 'aee77923-526d-4c5d-ba14-aa96bb1c3d59.jpeg', NULL, NULL, NULL, '1', '2022-02-19 09:46:55', NULL, NULL, '', '3', '', '2022-02-19', NULL, NULL, 1, '', '124b856d6e984ad4a07470fb404c267c', '', '278174c1a0024770aad1429d7dc842e9', '', '');
INSERT INTO `t_evgl_tch_class` VALUES ('c5b4f14e4cc34e839c04f9e06914d45b', 'd9fbce2fba844ae6b34f69ce2278f191', 'fd5f006eacee4aafab29248649af2a92', '00002', 'Java就业班【2期】', 'e5d0a175-f21d-4e92-bd9f-c0fa58237e23.gif', NULL, NULL, NULL, '1', '2021-12-13 09:08:09', '1', '2021-12-23 17:29:11', '', '3', '2017-12-12', '2017-12-12', NULL, NULL, 10, '', '9f52397c7c0f4627839294fba7ff1fda', '2', '1a9a33b872aa48bcbb2141f35217ce00', '2017-10-12', NULL);
INSERT INTO `t_evgl_tch_class` VALUES ('cb590f78ab784c31ad9637f1209b4300', '1c5e7a77b9c94f1688b81e2f9739b6f2', 'c58056a52099439cb1c527b76b5e0aab', '', '软件G32010', 'aee77923-526d-4c5d-ba14-aa96bb1c3d59.jpeg', NULL, NULL, NULL, '1', '2022-02-20 18:04:46', NULL, NULL, '', '3', '', '2022-02-15', NULL, NULL, 1, '', '9f52397c7c0f4627839294fba7ff1fda', '', '98e454983977464e815bbdeb0a9a990d', '', '');
INSERT INTO `t_evgl_tch_class` VALUES ('cd526c4265194b36a5e0224511120abd', '1c5e7a77b9c94f1688b81e2f9739b6f2', 'fd5f006eacee4aafab29248649af2a92', '', '软件测试就业班【14期】', 'e5d0a175-f21d-4e92-bd9f-c0fa58237e23.gif', NULL, NULL, NULL, '1', '2021-09-25 16:18:25', '1', '2022-06-28 15:04:53', '', '1', '2022-07-10', '2022-07-10', NULL, NULL, 60, '<p>软件测试，<span style=\"font-size: 24px; color: #ff9900;\">零基础也没问题！</span></p>\n<p>不想编码，当程序员；艺术细胞少，成不了设计师。但有足够的耐心，做事细心并有很强的责任心和团队精神。那还犹豫什么，加入到测试阵营，成为测试大咖！</p>\n<p><span style=\"color: #ff9900;\"><strong><span style=\"font-size: 24px;\">为什么要学软件测试？</span></strong></span></p>\n<p><span style=\"color: #ff9900;\"><strong><span style=\"font-size: 24px;\"><img src=\"https://www.budaos.com/manage/uploads/cbeditor-image/2021-12-21/3b87da0b7c474b63bd44facaff908363.png\" /></span></strong></span></p>\n<p><span style=\"color: #ff9900;\"><strong><span style=\"font-size: 24px;\"><img src=\"https://www.budaos.com/manage/uploads/cbeditor-image/2021-12-21/2accf080c8634d6dbfc79c62aab0f5e7.png\" width=\"1054\" height=\"414\" /></span></strong></span></p>\n<p><span style=\"color: #ff9900;\"><strong><span style=\"font-size: 24px;\"><img src=\"https://www.budaos.com/manage/uploads/cbeditor-image/2021-12-21/c0b15fe96d074313ad2c391483f6ae63.png\" width=\"1069\" height=\"418\" /></span></strong></span></p>\n<p><span style=\"color: #ff9900;\"><strong><span style=\"font-size: 24px;\"><img src=\"https://www.budaos.com/manage/uploads/cbeditor-image/2021-12-21/5b5e9050a0364cba95e64e7c291b473c.png\" width=\"1065\" height=\"439\" /></span></strong></span></p>\n<p><span style=\"color: #ff9900;\"><strong><span style=\"font-size: 24px;\"><img src=\"https://www.budaos.com/manage/uploads/cbeditor-image/2021-12-21/9d1f43b48b0a471194b5ed399a404f99.png\" /></span></strong></span></p>\n<p><span style=\"color: #ff9900;\"><strong><span style=\"font-size: 24px;\"><img src=\"https://www.budaos.com/manage/uploads/cbeditor-image/2021-12-21/d79acef7158b441499ec5f9f8e9a0211.png\" /></span></strong></span></p>\n<p><span style=\"color: #ff9900;\"><strong><span style=\"font-size: 24px;\"><img src=\"https://www.budaos.com/manage/uploads/cbeditor-image/2021-12-21/ec7624119c00461b80393fd85b3aa3d2.png\" /></span></strong></span></p>\n<p><span style=\"color: #ff9900;\"><strong><span style=\"font-size: 24px;\">学完能胜任哪些方面工作</span></strong></span></p>\n<p><span style=\"color: #ff9900;\"><strong><span style=\"font-size: 24px;\"><img src=\"https://www.budaos.com/manage/uploads/cbeditor-image/2021-12-21/9607849d635f431d9204d2be45c9a9b4.png\" width=\"951\" height=\"297\" /></span></strong></span></p>', '5fb2ab251fcb4a60acc6b0c89221f9f5', '2', 'd24cef2333374391b8bd62696c5191b3', '2022-05-08', NULL);
INSERT INTO `t_evgl_tch_class` VALUES ('d2b15ba906e34c7c87f6a33d2dd92e22', 'd9fbce2fba844ae6b34f69ce2278f191', 'fccade7bb8ac4dcb8c56e5341437c786', '', '软件2012班', '8b53b0a9-e579-4591-a192-c5deb5b4b194.jpeg', NULL, NULL, NULL, '1', '2021-11-06 17:08:30', '1', '2022-06-06 21:27:39', '', '3', '2021-12-15', '2021-12-15', NULL, NULL, 1, '', 'ed08aa8469124c82999d8b1a6b81b3e4', '', 'e4956a0c5e7449aeb8bb2ca5cd862c4b', '2021-12-15', NULL);
INSERT INTO `t_evgl_tch_class` VALUES ('d3340030d93e4f80afef75fbe1abf8d5', '83bc5ba73b5a4df793b2a0d1e3878da3', 'fccade7bb8ac4dcb8c56e5341437c786', '', '软件2005班', 'aee77923-526d-4c5d-ba14-aa96bb1c3d59.jpeg', NULL, NULL, NULL, '1', '2022-02-19 09:23:56', '1', '2022-02-19 09:25:09', '', '3', '', '2022-02-19', NULL, NULL, 100, '', '124b856d6e984ad4a07470fb404c267c', '', 'e4956a0c5e7449aeb8bb2ca5cd862c4b', '', '');
INSERT INTO `t_evgl_tch_class` VALUES ('d92b111668574a20a37279c8ec019b29', 'd9fbce2fba844ae6b34f69ce2278f191', '845786f2bfbf46398e3b495f6c7014bc', '', '电商项目实战', 'aee77923-526d-4c5d-ba14-aa96bb1c3d59.jpeg', NULL, NULL, NULL, '1', '2021-12-24 19:42:02', '1', '2022-02-09 14:54:19', '', '4', '2022-04-24', '2022-04-24', NULL, NULL, 100, '', '3297976d8aff47b78e60efce4596cf02', '1', '98e454983977464e815bbdeb0a9a990d', '2022-04-24', '/uploads/class-img/9eb985de-63ea-49c9-90f2-69eea7b42f94.jpeg');
INSERT INTO `t_evgl_tch_class` VALUES ('dce29d99db004135b7d2bae4d2340b2c', 'd9fbce2fba844ae6b34f69ce2278f191', 'fd5f006eacee4aafab29248649af2a92', '13211', 'Java就业班【11期】', 'e5d2e897-07cb-4a55-a131-cdebeb5870a6.jpeg', NULL, NULL, NULL, '1', '2019-08-27 16:10:09', '1', '2021-12-19 16:45:19', '', '4', '', '2020-07-30', NULL, NULL, 42, '', 'f22159d305594ca0b6775415334a7a39', '2', '1a9a33b872aa48bcbb2141f35217ce00', NULL, NULL);
INSERT INTO `t_evgl_tch_class` VALUES ('e9bd6d220d524159972fd95cd829d638', '1cd2c3ccaf814e04a2792da827ca91ed', 'fd5f006eacee4aafab29248649af2a92', '', '前端就业班【14期】', 'fcb67a65-bf89-417d-b7b1-5d8bc63daa78.jpeg', NULL, NULL, NULL, '1', '2021-09-25 16:17:53', '1', '2022-06-28 15:05:07', '', '1', '2022-07-10', '2022-07-11', NULL, NULL, 60, '<p>&nbsp; &nbsp; &nbsp;一个真正意义上的全栈设计师意味着他能够相对独立地完成一个项目的基本构思、原型设计、前端代码以及后台对接。因此要求全栈设计师掌握相应的专业技术，包括：软件基础+平面设计+网页设计+UI设计+交互设计+页面重构+JavaScript交互+后台数据交互。</p>\n<p><span style=\"font-size: 24px; color: #ff9900;\">全栈前端工程师为什么值得学?</span></p>\n<p><span style=\"font-size: 24px; color: #ff9900;\"><img src=\"https://www.budaos.com/manage/uploads/cbeditor-image/2021-12-21/3af7a34e784c4254bac322e3bed4d0dc.png\" /></span></p>\n<p>应用几乎<span style=\"font-size: 24px; color: #ff9900;\">无限制</span></p>\n<p>广泛用于前端开发，后端开发，移动端开发，微信小程序开发、在页面交互，动画特效等领域均有涉及</p>\n<p><img src=\"https://www.budaos.com/manage/uploads/cbeditor-image/2021-12-21/116ae50dd1344a9eb98b89a077ed6497.png\" /></p>\n<p><span style=\"font-size: 24px; color: #ff9900;\">简单易学</span></p>\n<p>WEB全能是所有语言中最简单易学的，适合0基础的人入门学习，而且WEB就业广，能胜任的岗位有：平面设计师、网页设计师、UI设计师、移动UI设计师、Web前端设计、 电商美工、应用界面设计、图形图标设计、交互设计师、产品运营、产品经理。</p>\n<p><img src=\"https://www.budaos.com/manage/uploads/cbeditor-image/2021-12-21/89d41dfe149646dc8e7671b5e641677c.png\" /></p>\n<p><img src=\"https://www.budaos.com/manage/uploads/cbeditor-image/2021-12-21/6538a940b76648d294fcf62d0ed94eaf.png\" /></p>\n<h1><strong>大型企业级实战项目</strong></h1>\n<h1><strong>给你职场硬实力</strong></h1>\n<p><span style=\"font-size: 24px; color: #ff9900;\">真正的前端，绝不是切图这么简单</span></p>\n<p><img src=\"https://www.budaos.com/manage/uploads/cbeditor-image/2021-12-21/f57a09b72fee4a25aff8a62780ddcde9.png\" /></p>\n<p><img src=\"https://www.budaos.com/manage/uploads/cbeditor-image/2021-12-21/d63be5e7868a4e07923ef04db2373ccb.png\" /></p>\n<p><img src=\"https://www.budaos.com/manage/uploads/cbeditor-image/2021-12-21/973fc6030ab44885b537cb172582819b.png\" /></p>\n<p><img src=\"https://www.budaos.com/manage/uploads/cbeditor-image/2021-12-21/1abf9b7be31348d58e1a4c9ceedea380.png\" /></p>\n<p><img src=\"https://www.budaos.com/manage/uploads/cbeditor-image/2021-12-21/87f63446cc944c17a019a6e2a5d9000f.png\" /></p>\n<p><img src=\"https://www.budaos.com/manage/uploads/cbeditor-image/2021-12-21/b44241e025eb4b0e82ea1e1ee8832da0.png\" /></p>\n<p><span style=\"color: #ff9900;\"><em><span style=\"font-size: 24px;\">案例展示（丰富的案例库陆续更新中）</span></em></span></p>\n<p><span style=\"color: #ff9900;\"><em><span style=\"font-size: 24px;\"><img src=\"https://www.budaos.com/manage/uploads/cbeditor-image/2021-12-21/0dfeca4993eb488b97d3bdeba5792a0b.png\" /></span></em></span></p>\n<p><span style=\"color: #ff9900;\"><em><span style=\"font-size: 24px;\">真实案例展示</span></em></span></p>\n<p><span style=\"color: #ff9900;\"><em><span style=\"font-size: 24px;\"><img src=\"https://www.budaos.com/manage/uploads/cbeditor-image/2021-12-21/4dfab7cdbc7140ac8dbdda2141ac7ef6.png\" /><img src=\"https://www.budaos.com/manage/uploads/cbeditor-image/2021-12-21/2c1f99cefaec4ca1b086227c571fbeca.png\" /><img src=\"https://www.budaos.com/manage/uploads/cbeditor-image/2021-12-21/a8ec3cf18a9a4b82a74b24e1e632b906.png\" /></span></em></span></p>\n<p><span style=\"font-size: 18px;\"><a href=\"https://www.yzgxhwj.com/#/\" target=\"_blank\" rel=\"noopener\" data-linktype=\"2\">永州供销惠万家一网通门户</a></span></p>\n<p><span style=\"font-size: 18px;\"><a href=\"https://www.creatorblue.com/kybar/\" target=\"_blank\" rel=\"noopener\" data-linktype=\"2\">论坛设计</a></span></p>\n<p><span style=\"font-size: 18px;\"><a href=\"https://www.creatorblue.com/shop/\" target=\"_blank\" rel=\"noopener\" data-linktype=\"2\">UI设计</a></span></p>\n<p><span style=\"font-size: 24px; color: #ff9900;\">技术要点</span></p>\n<p><strong>前端技术</strong>：HTML5、CSS3、Javascript、Web*API和网页特效、响应式技术</p>\n<p><strong>框架技术</strong>：jQuery 框架及项目实战、Vue 全家桶开发技术、React 框架、React 实战项目、AngularJS、ElementUI、Bootstrap、Nodejs</p>\n<p><strong>移动端技术</strong>：微信小程序开发和云开发、Uniapp开发</p>\n<p><strong>项目工具</strong>：使用Git管理项目源代码、Axure原型设计、墨刀等</p>\n<p><strong>应用服务器</strong>：Tomcat、Jetty、Nginx、Apache</p>\n<p><strong>操作系统及容器</strong>：Windows、Linux</p>\n<p><img src=\"https://www.budaos.com/manage/uploads/cbeditor-image/2021-12-21/86b24ba00e8d46cc87faeeee4905c1eb.png\" /></p>', '3297976d8aff47b78e60efce4596cf02', '2', '278174c1a0024770aad1429d7dc842e9', '2022-05-08', NULL);
INSERT INTO `t_evgl_tch_class` VALUES ('f4310dbf801644ed913eece9bc085369', 'd9fbce2fba844ae6b34f69ce2278f191', 'fd5f006eacee4aafab29248649af2a92', '202111', '2021年11月免费课', 'aee77923-526d-4c5d-ba14-aa96bb1c3d59.jpeg', NULL, NULL, NULL, '1', '2021-11-08 08:57:29', '1', '2021-12-23 17:32:14', '', '3', '2021-11-08', '2021-11-08', NULL, NULL, 100, '', 'e4956a0c5e7449aeb8bb2ca5cd862c4b', '2', 'e4956a0c5e7449aeb8bb2ca5cd862c4b', '2021-08-08', NULL);
INSERT INTO `t_evgl_tch_class` VALUES ('fa179ac18ac74f6f9dde51e15695b681', '1c5e7a77b9c94f1688b81e2f9739b6f2', 'c58056a52099439cb1c527b76b5e0aab', '', '软件G32001', 'aee77923-526d-4c5d-ba14-aa96bb1c3d59.jpeg', NULL, NULL, NULL, '1', '2022-02-20 17:58:02', NULL, NULL, '', '3', '', '2022-02-20', NULL, NULL, 1, '', '124b856d6e984ad4a07470fb404c267c', '', 'e4956a0c5e7449aeb8bb2ca5cd862c4b', '', '');
INSERT INTO `t_evgl_tch_class` VALUES ('fd0237440c214a1f8ae4470d86254975', '1cd2c3ccaf814e04a2792da827ca91ed', '845786f2bfbf46398e3b495f6c7014bc', '', 'Web前端小白零基础入门实战课', 'fcb67a65-bf89-417d-b7b1-5d8bc63daa78.jpeg', NULL, NULL, NULL, '1', '2021-12-24 19:46:20', '1', '2022-02-09 14:54:04', '', '4', '2022-06-24', '2022-06-24', NULL, NULL, 1, '', 'f22159d305594ca0b6775415334a7a39', '1', '278174c1a0024770aad1429d7dc842e9', '2022-04-24', '/uploads/class-img/5312d826-36ca-4d3c-ae87-d18b76828fb9.png');
INSERT INTO `t_evgl_tch_class` VALUES ('ff7e057fa8ae461282cdacaa471c95e0', 'd9fbce2fba844ae6b34f69ce2278f191', '845786f2bfbf46398e3b495f6c7014bc', '', 'Java就业班【14期】', 'aee77923-526d-4c5d-ba14-aa96bb1c3d59.jpeg', NULL, NULL, NULL, '1', '2022-07-09 11:01:11', '1', '2022-07-09 11:02:30', '', '3', '2022-07-11', '2022-07-09', NULL, NULL, 100, '', 'ed08aa8469124c82999d8b1a6b81b3e4', '2', '278174c1a0024770aad1429d7dc842e9', '2022-07-09', '');

-- ----------------------------
-- Records of t_evgl_tch_teacher
-- ----------------------------
INSERT INTO `t_evgl_tch_teacher` VALUES ('0aa3a28f5133404690fc75a7a1ac88a0', '845786f2bfbf46398e3b495f6c7014bc', '黄老师', 'e1c262a5b17b4ec698ca18e16646b53f', '439fbe8d-e236-453e-a61c-79d29df03b64.jpeg', '丰富的Java EE 开发和项目管理经验。精通Java,擅长数据库技术，在集群、分布式技术、大数据并发等方面有自己独到的见解。目前主要负责微服务技术推广、架构设计、迁移等。重点关注云计算、微服务以及软件架构等领域。', '<p>项目经验：曾任职于华为、金蝶、平安等大型互联网公司。曾参与的项目有金蝶财务软件、移动医疗、广电数字电视IPTV、平安团体保险等项目建设。</p>', '', '13128907453', '', 'd9fbce2fba844ae6b34f69ce2278f191,80aa274044704360901836e9c7dda760', 'Y', '1', '2019-08-17 11:41:39', '1', '2019-08-17 15:59:35', 'Y', 8, NULL, NULL, NULL, NULL);
INSERT INTO `t_evgl_tch_teacher` VALUES ('124b856d6e984ad4a07470fb404c267c', '845786f2bfbf46398e3b495f6c7014bc', '卢老师', 'cb5f36a3b3464543b113aa434b2d9e1d', 'a357ae7ce2014689bbf88a9206f1359f.jpeg', '卢逊', '', '', '15581221730', 'ed08aa8469124c82999d8b1a6b81b3e4', 'd9fbce2fba844ae6b34f69ce2278f191,80aa274044704360901836e9c7dda760', 'N', '1', '2021-03-22 09:06:25', '1', '2022-02-09 11:24:32', 'Y', 1, '10865', '20181531084543031', '201815310846', '2');
INSERT INTO `t_evgl_tch_teacher` VALUES ('1a9a33b872aa48bcbb2141f35217ce00', '845786f2bfbf46398e3b495f6c7014bc', '小强老师', 'e1c262a5b17b4ec698ca18e16646b53f', '9f500494-133b-4ffb-8474-a05e6a54eea4.jpeg', '十余年Java EE 开发和项目管理经验，横跨前后台开发，软件研发多面手。精通Java,擅长云架构和微服务。目前主要负责微服务技术推广、架构设计、基础设施、迁移等。重点关注云计算、微服务以及软件架构等领域。', '<p>项目经验：曾任职于中国电信、当当网、中软等大型互联网公司。曾参与的项目有湖南移动商城、阿凡提物流平台、企业办公自动化OA、步步高电商平台等项目建设。</p>', '', '	13297482107', '1a9a33b872aa48bcbb2141f35217ce00', 'd9fbce2fba844ae6b34f69ce2278f191', 'Y', '1', '2019-08-17 11:39:41', '1', '2019-08-17 15:59:26', 'Y', 6, NULL, NULL, NULL, NULL);
INSERT INTO `t_evgl_tch_teacher` VALUES ('278174c1a0024770aad1429d7dc842e9', '845786f2bfbf46398e3b495f6c7014bc', '欧老师', '490aa2321c5f42fcbfb8fcc5a1f39bd5', '33cbc3f8026b43c7a5c087b3f43c22f6.jpeg', '16年一线IT经验及教学培训经验，创蓝教育教学总监，教学幽默风趣，坚持授人与鱼不如授人与渔的教学理念，注重培养学生解决问题与自我思考的能力。 讲课风格：课堂不仅仅是编程，还融合了人生，哲理，社交，为人处世，段子等各种知识，让学生不仅学会编程，还懂得如何在社会中更好的生存。', '<p>项目经验：多年大型软件企业软件开发和项目管理经验，曾参与国家电网数据库联网项目、广州亚运智能指挥调度系统、ERP企业资源计划管理、广东质监计财系统等项目。</p>', '', '1507830712', '278174c1a0024770aad1429d7dc842e9', 'd9fbce2fba844ae6b34f69ce2278f191,1cd2c3ccaf814e04a2792da827ca91ed', 'Y', '1', '2019-08-17 11:33:13', '1', '2020-12-20 15:19:46', 'Y', 3, 'a645cf35f68f4620a3d3753677dd98d3', '20098899909011155', '20199900000333', '1');
INSERT INTO `t_evgl_tch_teacher` VALUES ('3297976d8aff47b78e60efce4596cf02', '10865', '王老师', 'e1c262a5b17b4ec698ca18e16646b53f', 'eb187ef131a446b7a6d18ab552144ec6.jpeg', '王鑫，开发阶段默认成为教师', NULL, NULL, '15574325542', '3297976d8aff47b78e60efce4596cf02', '3bd04aeedb304e9aa6287932b3b5a1d8', 'N', 'f45e7593f9964fb5b37caf33f4a9b3dc', '2020-08-31 18:30:38', '1', '2020-11-05 10:31:20', 'Y', 1, 'fccade7bb8ac4dcb8c56e5341437c786', '20071111031001366', '20071111031001366', '2');
INSERT INTO `t_evgl_tch_teacher` VALUES ('350674e438e14598a96cec4e8167cb0b', '845786f2bfbf46398e3b495f6c7014bc', '张文君', 'e1c262a5b17b4ec698ca18e16646b53f', '00b9e5a3-1b87-44b5-b490-671a1b695108.jpeg', '专注于项目测试和技能培训。多年安全测试以及测试管理工作经验，曾担任自动化测试工程师、安全测试工程师和测试总监等职位。在系统安全、性能、功能性测试领域积累了丰富的经验并取得丰硕成果。', '<p>项目经验：曾就职于中软国际、科创等多家上市公司。进行过多个大型项目的Web安全测试，带领测试部门从零开始建立安全性测试规范，针对Web安全测试搭建了基于开源工具的安全测试架构，并应用于教育大数据平台和金融征信平台项目。</p>', '', '18874237001', '002', '1c5e7a77b9c94f1688b81e2f9739b6f2,80aa274044704360901836e9c7dda760', 'Y', '1', '2019-08-17 11:38:38', '1', '2019-08-17 15:59:20', 'Y', 5, NULL, NULL, NULL, NULL);
INSERT INTO `t_evgl_tch_teacher` VALUES ('398ad85012a24e50b02fea9faa2c1b8a', '10865', '李老师', 'e1c262a5b17b4ec698ca18e16646b53f', '18a3d56aca2d4f879cdf6f76d61c0fe8.jpeg', '李习为，开发阶段默认成为教师', NULL, NULL, '15690063651', '398ad85012a24e50b02fea9faa2c1b8a', '3bd04aeedb304e9aa6287932b3b5a1d8', 'N', '4809e999e16e450c854aeee1740d903d', '2020-08-03 09:59:02', '1', '2021-12-19 16:18:35', 'N', 1, 'fccade7bb8ac4dcb8c56e5341437c786', '20031111031001869', '20031111031001869', '2');
INSERT INTO `t_evgl_tch_teacher` VALUES ('39fda9d155354277a869bd4e11dc6d42', 'fccade7bb8ac4dcb8c56e5341437c786', '严老师', '', '6f037448-a542-4b02-8e1c-c95c7e61ec32.png', '信息保密', '', '', '15111275308', '39fda9d155354277a869bd4e11dc6d42', '83bc5ba73b5a4df793b2a0d1e3878da3', 'N', '1', '2022-02-18 12:02:02', '1', '2022-02-18 13:49:36', 'Y', 1, '10865', '86638837737763636', '10090', '0');
INSERT INTO `t_evgl_tch_teacher` VALUES ('3b36c777604241879108c055af34fff4', '845786f2bfbf46398e3b495f6c7014bc', '苏老师', 'e1c262a5b17b4ec698ca18e16646b53f', '4864fe59-b339-4d93-8f4d-4dd1936f751e.jpeg', '10年UI设计和开发经验，创蓝首席UI设计师，对UI交互性设计、体验性设计有自己独到的见解和理念 。精通响应式框架设计，企业徽标设计、专注公众号、小程序、APP制作、网站、门户、后台管理UI制作 等。', '<p>项目经验：专注移动产品及智能交互终端的UI设计；曾参与多个知名企业的大型平台项目的视觉设计、多款企业内部产品的APP设计等。</p>', '', '15999610130', '', '1cd2c3ccaf814e04a2792da827ca91ed', 'Y', '1', '2019-08-17 11:37:05', '1', '2019-08-17 15:59:17', 'Y', 4, NULL, NULL, NULL, NULL);
INSERT INTO `t_evgl_tch_teacher` VALUES ('5fb2ab251fcb4a60acc6b0c89221f9f5', '10865', '欧老师', 'e1c262a5b17b4ec698ca18e16646b53f', 'd0b293d6dd0246fd8b231bf032681377.jpeg', 'June，开发阶段默认成为教师', NULL, NULL, '13787786213', '5fb2ab251fcb4a60acc6b0c89221f9f5', '3bd04aeedb304e9aa6287932b3b5a1d8', 'N', '5fb2ab251fcb4a60acc6b0c89221f9f5', '2020-09-01 10:22:19', '1', '2020-11-05 10:30:25', 'Y', 1, 'fccade7bb8ac4dcb8c56e5341437c786', '20101111031001349', '20101111031001349', '1');
INSERT INTO `t_evgl_tch_teacher` VALUES ('98e454983977464e815bbdeb0a9a990d', '845786f2bfbf46398e3b495f6c7014bc', '胡老师', 'db3317eefcb74c7eb25ba0e6252d9296', '6df9ef990cb743f9ad69bcf8c345859e.jpeg', '1', '', '', '15200539804', '98e454983977464e815bbdeb0a9a990d', 'd9fbce2fba844ae6b34f69ce2278f191,1cd2c3ccaf814e04a2792da827ca91ed', 'N', '1', '2020-11-12 11:45:20', '1', '2022-05-22 14:52:17', 'Y', 1, '10865', '66666666666666666', '123', '1');
INSERT INTO `t_evgl_tch_teacher` VALUES ('9f52397c7c0f4627839294fba7ff1fda', '845786f2bfbf46398e3b495f6c7014bc', '卢老师', 'e1c262a5b17b4ec698ca18e16646b53f', 'a3aaac22-c907-4b5a-bf01-54de57e14c7d.jpeg', '有丰富的设计从业经验，涉及插画图书、动画、游戏、应用设计等领域。有深厚的手绘功底和丰富的设计理论知识，且具有很强的视觉设计能力和丰富的交互设计经验。从事设计工作8年间参与过各种类型项目的设计工作，包括动画设计、游戏美术设计、UI设计、交互设计。', '<p>项目经验：曾在中国移动、华为、中国电信、浪潮等公司担任team leader，并有5年以上的设计管理经验和3年项目管理经验。</p>', '', '13786199187', '003', '1cd2c3ccaf814e04a2792da827ca91ed', 'Y', '1', '2019-08-17 11:35:53', '1', '2019-08-17 15:58:57', 'Y', 2, NULL, NULL, NULL, NULL);
INSERT INTO `t_evgl_tch_teacher` VALUES ('d24cef2333374391b8bd62696c5191b3', '10865', '周老师', 'e1c262a5b17b4ec698ca18e16646b53f', '451db489997349d5901f3750890e5d94.jpeg', '张与信，开发阶段默认成为教师', NULL, NULL, '15073174448', 'd24cef2333374391b8bd62696c5191b3', '3bd04aeedb304e9aa6287932b3b5a1d8', 'N', '0143186fee1c4744a2ec77e1dfe64a51', '2020-10-01 00:23:21', '1', '2020-11-05 10:29:22', 'Y', 1, 'fccade7bb8ac4dcb8c56e5341437c786', '20092320042000661', '20092320042000661', '2');
INSERT INTO `t_evgl_tch_teacher` VALUES ('e4956a0c5e7449aeb8bb2ca5cd862c4b', '845786f2bfbf46398e3b495f6c7014bc', '朱老师', 'e1c262a5b17b4ec698ca18e16646b53f', '3d4dfc38c801427e8be82a4724c6cd44.png', '丰富的行业经验、软件研发和项目管理经验，多次受邀到高校进行实操性强的授课培训。授课时注重对技术底层原理的剖析和理解；风趣幽默的讲课风格让你收获的不止是技能。深入浅出，条理清楚，层层剖析，环环相扣，用思维的逻辑力量吸引学生的注意力，用理智控制教学进程。', '<p>项目经验：16年大型软件企业软件开发和项目管理经验，先后就职于广东电信、南天股份、荣晖集团、湖南科创等多家上市公司。曾参与广东电信客户响应系统、南天大亚湾核岛施工系统、湖南省政府门户项目、金融征信等软件项目建设。</p>', NULL, '18229923839', 'e4956a0c5e7449aeb8bb2ca5cd862c4b', 'd9fbce2fba844ae6b34f69ce2278f191,1cd2c3ccaf814e04a2792da827ca91ed,80aa274044704360901836e9c7dda760,83bc5ba73b5a4df793b2a0d1e3878da3,4de2954d7e18476fbefe6d4d5f5d4903,1c5e7a77b9c94f1688b81e2f9739b6f2', 'N', 'e4956a0c5e7449aeb8bb2ca5cd862c4b', '2020-07-25 15:39:22', '1', '2022-03-11 16:50:52', 'Y', 1, 'fd5f006eacee4aafab29248649af2a92', '20033710730000013', '20200901', '1');
INSERT INTO `t_evgl_tch_teacher` VALUES ('f22159d305594ca0b6775415334a7a39', '845786f2bfbf46398e3b495f6c7014bc', '王老师', 'e1c262a5b17b4ec698ca18e16646b53f', 'f9ad5454-092d-4d3d-a04b-8f3692493680.jpeg', '曾负责过10余个银行系统的测试，核心多系统集成承受了高峰时段的650tps压力和单系统峰值为4000tps压力，擅长银行性能测试，精通系统测试/web测试/性能测试等相关技术及理论体系', '<p>项目经验：曾在东软、华为、浪潮等公司担任QA经理，并有8年以上的软件测试经验和4年项目管理经验。</p>', '', '18229923479', '001', '80aa274044704360901836e9c7dda760', 'Y', '1', '2019-08-17 11:40:39', '1', '2019-08-17 15:59:30', 'Y', 7, NULL, NULL, NULL, NULL);
INSERT INTO `t_evgl_tch_teacher` VALUES ('fe4b856d6e984ad4a07470fb404c267c', '845786f2bfbf46398e3b495f6c7014bc', '刘老师', 'cb5f36a3b3464543b113aa434b2d9e1d', 'fb1a150e298b4f639df07cdc4de01665.jpeg', '刘曦婷', '', '', '15886345118', 'fe4b856d6e984ad4a07470fb404c267c', 'd9fbce2fba844ae6b34f69ce2278f191,80aa274044704360901836e9c7dda760', 'N', '1', '2021-03-22 09:06:25', '1', '2022-07-09 16:52:57', 'N', 1, '10865', '20181531084543030', '201815310845', '2');
INSERT INTO `t_evgl_tch_teacher` VALUES ('fe9950dac4df41008caacae3ea560bf6', '845786f2bfbf46398e3b495f6c7014bc', '张老师', '', 'de84c9d6-02fb-4fe7-9259-ba95b89cb41e.jpeg', '16675554538', '', '', '16675554538', 'e0eab2cde5114852b93c06b5bb41a797', '1cd2c3ccaf814e04a2792da827ca91ed,1c5e7a77b9c94f1688b81e2f9739b6f2', 'N', '1', '2021-12-22 16:39:47', '1', '2022-01-05 16:54:07', 'Y', 1, '10865', '16675554538', '16675554538', '0');

-- ----------------------------
-- Records of t_evgl_trainee_info
-- ----------------------------
INSERT INTO `t_evgl_trainee_info` VALUES ('98e454983977464e815bbdeb0a9a990d', '古月', 'June', '1', NULL, NULL, '15200530000', NULL, NULL, NULL, NULL, NULL, NULL, NULL, NULL, NULL, 'http://thirdqq.qlogo.cn/g?b=oidb&k=Rhqd4feUicVicFSp07uO637g&s=40&t=1557039707', NULL, NULL, 'hujune@foxmail.com', 'e343b646ebd626d428478fda6c011df0', 'DXJ5QjX5thH3XM9yLi9J8HS4', '94e1ac156cfc4f44bfeed219e9a368e4', 'orwce5KVwtCekQ1JWdz4I-yOOWfQ', 'otJlJwQ_PSDxENSGBDSGDlDFOJ7U', '7A762679187D702623D082AB0D106DC6', NULL, NULL, '2018-11-26 19:51:35', '98e454983977464e815bbdeb0a9a990d', '2022-04-23 14:44:05', '4', 139, 5, 5, '123', 3, NULL, '71f11ac073df4e58a2f929fff0ae1070.png', '好好学习，天天向上');

-- ----------------------------
-- Records of t_medu_media_avd
-- ----------------------------
INSERT INTO `t_medu_media_avd` VALUES ('014a9b0a0e474d9b86703ecc10332ba8', '【13期软件集训订单就业班】开始报名了', 1, 'N', '2021-09-23 00:00:00', '2023-09-24 16:33:28', '/pages/me/traineesignup/traineesignup', '0cfe3798-7103-4cc5-9973-0c0bdaeba8a1.jpeg', '1', '2021-09-24 16:33:21', '1', '2022-02-08 19:44:06', '', '2');
INSERT INTO `t_medu_media_avd` VALUES ('46d9e4c06d164a6b88e3178ea4daff8f', '每周公开课', 2, 'Y', '2018-09-04 16:14:07', '2023-03-02 16:14:10', '#', 'b37859f7-16ae-42f1-9da9-16ecd4c89ab1.jpeg', '宁静致远', '2018-09-04 16:14:23', '1', '2022-04-21 10:23:57', '', '1');
INSERT INTO `t_medu_media_avd` VALUES ('52db345f68b34c83a5bae72bf6051664', '公众号宣传入口', 1, 'Y', '2021-03-02 00:00:00', '2026-07-01 00:00:00', '/pages/me/traineesignup/traineesignup', '6a733cb0-2a30-42e4-b5c8-9237f410c82c.jpeg', '1', '2021-03-06 22:37:35', '1', '2022-04-21 10:23:26', '', '2');
INSERT INTO `t_medu_media_avd` VALUES ('5866e1186706435c876ca891fc3afed1', '2018秋季招生开始了', 2, 'Y', '2018-09-13 10:56:46', '2028-11-07 10:56:50', '355f24f9c40c424185272422cef1b8aa', 'ab85a716-86fc-4080-9fc4-b2addca5b977.jpeg', '系统管理员', '2018-09-14 10:57:27', '1', '2020-07-17 11:28:49', '', NULL);
INSERT INTO `t_medu_media_avd` VALUES ('a82c64252ea045a8b92a5b6d99db900d', '春季就业冲刺班报名了', 1, 'N', '2022-02-08 00:00:00', '2022-06-28 00:00:00', '#', '61cbc6ed-a6d0-4d9b-85a2-6cc8ce53164e.jpeg', '1', '2022-02-08 21:00:13', '1', '2022-03-23 15:35:45', '', NULL);
INSERT INTO `t_medu_media_avd` VALUES ('e97f81084b254b07b0ab2f31124bf5d8', '开学了', 2, 'Y', '2021-05-08 00:00:00', '2023-01-02 00:00:00', '#1', 'e682eda6-c16f-4536-8787-0ef24447637a.jpeg', '1', '2021-03-06 21:58:51', '1', '2022-04-21 10:22:58', '', '2');

-- ----------------------------
-- Records of t_org_user
-- ----------------------------
INSERT INTO `t_org_user` VALUES ('113636b8044e4c37bd3f913fb00773c0', '10865', NULL, 0);
INSERT INTO `t_org_user` VALUES ('3c7d3ca02ba844d98002f266cd0aed3b', '10865', NULL, 1);
INSERT INTO `t_org_user` VALUES ('4b2b8c2c2131417aa37acb633a171a2d', '845786f2bfbf46398e3b495f6c7014bc', NULL, 1);
INSERT INTO `t_org_user` VALUES ('5f248a4b84b0415a887548da8eec254d', 'fccade7bb8ac4dcb8c56e5341437c786', NULL, 0);
INSERT INTO `t_org_user` VALUES ('64cac2ed5aca4cc5b5e2ec48f278d6c7', 'bec753ae9b4c4d6d856dcaa6e4526b2b', NULL, 0);
INSERT INTO `t_org_user` VALUES ('b19df25579e54c8883255f284714f285', 'bec753ae9b4c4d6d856dcaa6e4526b2b', NULL, 1);
INSERT INTO `t_org_user` VALUES ('b3aac079f9aa4caba4a33f3a8897edc2', 'fccade7bb8ac4dcb8c56e5341437c786', NULL, 1);
INSERT INTO `t_org_user` VALUES ('e3b65d26052c417c9abe077464f57406', '1881b7c655014abea780d23da0f00ebb', NULL, 0);

-- ----------------------------
-- Records of t_schedule_job
-- ----------------------------
INSERT INTO `t_schedule_job` VALUES ('0293303f0cd34877b75576edcf45e4f6', 'testTask', 'test', 'creatorblue', '0 0/30 * * * ?', 1, '我正测试中1', '2019-06-21 08:37:45', '1', '1', '2019-07-01 08:26:52');
INSERT INTO `t_schedule_job` VALUES ('c5e92c817aa144019860c1b64e8ae301', 'testTask', 'test2', '', '*/5 * * * * ?', 1, '每天每5秒执行一次', '2022-09-06 14:32:56', NULL, NULL, '2022-09-06 14:53:32');

-- ----------------------------
-- Records of t_sys_attach
-- ----------------------------
INSERT INTO `t_sys_attach` VALUES ('16810677538d459fadd6588a1f688a3e', 'E:/uploads//settings/fd17df07-504f-48c5-af71-de9938405fd4.jpeg', 'image/jpeg', NULL, NULL, '3', '23ec7635acdc438592171e0a5fccaf', '12325', '.jpeg', 'fd17df07-504f-48c5-af71-de9938405fd4.jpeg', NULL, 1, NULL, '1', '2022-09-14 09:19:41', NULL, '2022-09-14 09:19:41');
INSERT INTO `t_sys_attach` VALUES ('8907d5adb9cf40d8b027ff529bdc4fe4', 'E:/uploads//sys-user-img/d8879dfa-e1af-418e-a48b-150165b2cbca.jpeg', 'image/jpeg', NULL, NULL, '2', NULL, '670020', '.jpeg', 'd8879dfa-e1af-418e-a48b-150165b2cbca.jpeg', NULL, 0, NULL, '1', '2022-09-14 09:06:28', NULL, NULL);
INSERT INTO `t_sys_attach` VALUES ('a0c190d414704e9dba17c5c2624274aa', 'E:/uploads//settings/59e66dd8-d562-4dd4-82bc-2876a7ed8ed2.jpeg', 'image/jpeg', NULL, NULL, '3', '23ec7635acdc438592171e0a5fccaf', '291124', '.jpeg', '59e66dd8-d562-4dd4-82bc-2876a7ed8ed2.jpeg', NULL, 1, NULL, '1', '2022-09-14 09:26:43', NULL, '2022-09-14 09:26:43');
INSERT INTO `t_sys_attach` VALUES ('a470efbc61614c0cb5065c49272abf85', 'E:/uploads//sys-user-img/12a10d95-0ef1-4992-abdc-5e5a2c105a28.jpeg', 'image/jpeg', NULL, NULL, '2', NULL, '85024', '.jpeg', '12a10d95-0ef1-4992-abdc-5e5a2c105a28.jpeg', NULL, 0, NULL, '1', '2022-09-14 09:09:25', NULL, NULL);
INSERT INTO `t_sys_attach` VALUES ('c4ac2ebd66dd4d39be803c2987ee25e5', 'E:/uploads//settings/863cba20-c943-4b88-a90e-0f222ade6caa.jpeg', 'image/jpeg', NULL, NULL, '3', '23ec7635acdc438592171e0a5fccaf', '53020', '.jpeg', '863cba20-c943-4b88-a90e-0f222ade6caa.jpeg', NULL, 1, NULL, '1', '2022-09-14 09:30:09', NULL, '2022-09-14 09:30:09');

-- ----------------------------
-- Records of t_sys_dict
-- ----------------------------
INSERT INTO `t_sys_dict` VALUES ('0382eb64e9334987942ca7e79d915db2', 'teacher_state', '教师状态', '在职', 'Y', '', '2', 1, 'dd5250d847214de093b437335df54f92', '1', NULL, '', '', '1', '1', '1', '2018-12-14 16:56:58', '1', '2019-07-25 08:27:38', '');
INSERT INTO `t_sys_dict` VALUES ('0717782e383d41f4bed7c3b1ca5f0956', 'group_member_identity', '课堂小组成员身份', NULL, NULL, NULL, '1', 1, '0', '1', NULL, NULL, NULL, '1', '1', '1', '2021-05-09 16:27:32', NULL, NULL, NULL);
INSERT INTO `t_sys_dict` VALUES ('0bbbefd660604f6faa0d4f04f7c19cd0', 'activityQuestionType', '题目类型(活动)', '单选', '1', NULL, '2', 1, '688e4ec4b811411596632f0a80323aad', '1', NULL, NULL, NULL, '1', '1', '1', '2020-06-28 09:14:11', NULL, NULL, NULL);
INSERT INTO `t_sys_dict` VALUES ('0ef2ba05d7ea43198ba40ec5cd2f2e08', 'newsStatus', '新闻资讯状态', '已发布', '2', NULL, '2', 2, '864de58f9cd247c8a829bf385cdcfb9d', '1', NULL, NULL, NULL, '1', '1', '1', '2019-07-23 10:32:26', NULL, NULL, NULL);
INSERT INTO `t_sys_dict` VALUES ('10bf48e67a9841c6bf5cea319497cd9c', 'newsStatus', '新闻资讯状态', '待审核', '1', NULL, '2', 1, '864de58f9cd247c8a829bf385cdcfb9d', '1', NULL, NULL, NULL, '1', '1', '1', '2019-07-23 10:32:18', '1', '2019-08-16 17:47:04', NULL);
INSERT INTO `t_sys_dict` VALUES ('19741519c789413da99f3ecc5377ffca', 'activityState', '活动状态', NULL, NULL, NULL, '1', 1, '0', '1', NULL, NULL, NULL, '1', '1', '1', '2020-06-22 15:47:30', NULL, NULL, NULL);
INSERT INTO `t_sys_dict` VALUES ('1f2093f0213a4dac99afd3f9f3cea804', 'activityState', '活动状态', '未开始', '0', NULL, '2', 1, '19741519c789413da99f3ecc5377ffca', '1', NULL, NULL, NULL, '1', '1', '1', '2020-06-22 15:47:38', NULL, NULL, NULL);
INSERT INTO `t_sys_dict` VALUES ('2372235176de4ba680825a094bc1745a', 'group_member_identity', '课堂小组成员身份', '技术总监', '2', NULL, '2', 2, '0717782e383d41f4bed7c3b1ca5f0956', '1', NULL, NULL, NULL, '1', '1', '1', '2021-05-09 17:41:37', NULL, NULL, NULL);
INSERT INTO `t_sys_dict` VALUES ('2a9f8587be334d67a5f8b9ba0c0a13ab', 'deployMainType', '教学包发布方大类', '创蓝教育', '3', NULL, '2', 3, '85e08b917c8a4da2ad2356680395315f', '1', NULL, NULL, NULL, '1', '1', '1', '2019-07-26 14:58:36', '1', '2021-02-25 10:14:02', NULL);
INSERT INTO `t_sys_dict` VALUES ('2ed464e15afb458989936854275e0fe7', 'group_member_identity', '课堂小组成员身份', '测试人员', '4', NULL, '2', 4, '0717782e383d41f4bed7c3b1ca5f0956', '1', NULL, NULL, NULL, '1', '1', '1', '2021-05-09 17:42:03', NULL, NULL, NULL);
INSERT INTO `t_sys_dict` VALUES ('306ce177b75c4533af988ef23619c9b2', 'teacher_state', '教师状态', '离职', 'N', '', '2', 2, 'dd5250d847214de093b437335df54f92', '1', NULL, '', '', '1', '1', '1', '2018-12-14 16:57:06', '1', '2022-09-22 09:12:05', '');
INSERT INTO `t_sys_dict` VALUES ('315814c9e3454e60af2ac86dd6bf295e', 'term', '所属阶段', '第二阶段', '2', NULL, '2', 2, 'a4d5f60d75d54864aef8b54cadfe8123', '1', NULL, NULL, NULL, '0', '1', '1', '2019-07-31 10:23:18', '1', '2021-11-30 13:24:05', NULL);
INSERT INTO `t_sys_dict` VALUES ('3257b60e547c42bf838852787816dc1a', 'state1', '状态(是/否)', NULL, NULL, NULL, '1', 1, '0', '1', NULL, NULL, '845786f2bfbf46398e3b495f6c7014bc', '1', '1', '1', '2019-07-24 09:10:52', '1', '2019-07-24 09:13:43', NULL);
INSERT INTO `t_sys_dict` VALUES ('3fd9b5ea277b46e19d20ef76e554aae0', 'state1', '状态(是/否)', '是', 'Y', NULL, '2', 1, '3257b60e547c42bf838852787816dc1a', '1', NULL, NULL, '845786f2bfbf46398e3b495f6c7014bc', '1', '1', '1', '2019-07-24 09:11:29', NULL, '2019-07-24 09:13:43', NULL);
INSERT INTO `t_sys_dict` VALUES ('54d41108ae3e44d6ab05f4375dae007d', 'term', '所属阶段', '第一阶段', '1', NULL, '2', 1, 'a4d5f60d75d54864aef8b54cadfe8123', '1', NULL, NULL, NULL, '1', '1', '1', '2019-07-31 10:23:04', '1', '2021-11-30 13:23:37', NULL);
INSERT INTO `t_sys_dict` VALUES ('614711011f414c53a863c83d7ddb960e', 'activityQuestionType', '题目类型(活动)', '多选', '2', NULL, '2', 2, '688e4ec4b811411596632f0a80323aad', '1', NULL, NULL, NULL, '1', '1', '1', '2020-06-28 09:14:18', NULL, NULL, NULL);
INSERT INTO `t_sys_dict` VALUES ('63af3b1847d44850a81c9c5c933afebc', 'group_member_identity', '课堂小组成员身份', 'UI设计师', '5', NULL, '2', 5, '0717782e383d41f4bed7c3b1ca5f0956', '1', NULL, NULL, NULL, '1', '1', '1', '2021-05-09 17:42:12', NULL, NULL, NULL);
INSERT INTO `t_sys_dict` VALUES ('688e4ec4b811411596632f0a80323aad', 'activityQuestionType', '题目类型(活动)', NULL, NULL, NULL, '1', 1, '0', '1', NULL, NULL, NULL, '1', '1', '1', '2020-06-28 09:13:55', NULL, NULL, NULL);
INSERT INTO `t_sys_dict` VALUES ('6bb8768c3e4c45a7bcd817b6ef61d016', 'group_member_identity', '课堂小组成员身份', '项目经理', '1', NULL, '2', 1, '0717782e383d41f4bed7c3b1ca5f0956', '1', NULL, NULL, NULL, '1', '1', '1', '2021-05-09 16:27:41', NULL, NULL, NULL);
INSERT INTO `t_sys_dict` VALUES ('7095779dee82453f9b20e380fd11131d', 'group_member_identity', '课堂小组成员身份', '开发人员', '3', NULL, '2', 3, '0717782e383d41f4bed7c3b1ca5f0956', '1', NULL, NULL, NULL, '1', '1', '1', '2021-05-09 17:41:44', NULL, NULL, NULL);
INSERT INTO `t_sys_dict` VALUES ('7883d890d08947509d82e30bfe6c3d37', 'state1', '状态(是/否)', '否', 'N', NULL, '2', 2, '3257b60e547c42bf838852787816dc1a', '1', NULL, NULL, '845786f2bfbf46398e3b495f6c7014bc', '0', '1', '1', '2019-07-24 09:11:44', NULL, '2019-07-24 09:13:43', NULL);
INSERT INTO `t_sys_dict` VALUES ('7d9cfc5a9b884987991bb00ea82cecf9', 'deployMainType', '教学包发布方大类', '个人', '2', NULL, '2', 2, '85e08b917c8a4da2ad2356680395315f', '1', NULL, NULL, NULL, '1', '1', '1', '2019-07-26 14:58:28', NULL, NULL, NULL);
INSERT INTO `t_sys_dict` VALUES ('81fb19c2a78a486caf1ab6c88e24e7ba', 'pkgLimit', '教学包使用限制', '授权', '1', NULL, '2', 1, 'e80e9e4659ba48d7aaa60bf61955d91b', '1', NULL, NULL, NULL, '1', '1', '1', '2019-07-26 14:54:39', NULL, NULL, NULL);
INSERT INTO `t_sys_dict` VALUES ('84c337cbfa414507a678a32a22f924dc', 'sex', '性别', '', '', '', '1', 1, '0', '1', NULL, '', '', '1', '1', '1', '2018-03-02 09:31:41', '1', '', '');
INSERT INTO `t_sys_dict` VALUES ('85e08b917c8a4da2ad2356680395315f', 'deployMainType', '教学包发布方大类', NULL, NULL, NULL, '1', 1, '0', '1', NULL, NULL, NULL, '1', '1', '1', '2019-07-26 14:58:10', NULL, NULL, NULL);
INSERT INTO `t_sys_dict` VALUES ('864de58f9cd247c8a829bf385cdcfb9d', 'newsStatus', '新闻资讯状态', NULL, NULL, NULL, '1', 1, '0', '1', NULL, NULL, NULL, '1', '1', '1', '2019-07-23 10:31:52', NULL, NULL, NULL);
INSERT INTO `t_sys_dict` VALUES ('94d903d7664948298930839063833966', 'pkgLevel', '教学包适用层次', '中职', '3', NULL, '2', 3, 'ea0c6f1698fb4c96b46c58996f0064fd', '1', NULL, NULL, NULL, '1', '1', '1', '2019-07-26 14:39:06', NULL, NULL, NULL);
INSERT INTO `t_sys_dict` VALUES ('95c1b201e8bd41c9960129d47c683731', 'sex', '性别', '女', '2', '', '2', 2, '84c337cbfa414507a678a32a22f924dc', '1', NULL, '', '', '0', '1', '1', '2018-03-02 09:32:22', '1', '', '');
INSERT INTO `t_sys_dict` VALUES ('9aa2211d4582435686e67c8a8a4c7d03', 'pkgLimit', '教学包使用限制', '免费', '2', NULL, '2', 2, 'e80e9e4659ba48d7aaa60bf61955d91b', '1', NULL, NULL, NULL, '1', '1', '1', '2019-07-26 14:54:59', NULL, NULL, NULL);
INSERT INTO `t_sys_dict` VALUES ('a4d5f60d75d54864aef8b54cadfe8123', 'term', '所属阶段', NULL, NULL, NULL, '1', 1, '0', '1', NULL, NULL, NULL, '1', '1', '1', '2019-07-31 10:22:44', '1', '2021-11-30 13:23:17', NULL);
INSERT INTO `t_sys_dict` VALUES ('a58edf2c8a8d4c39a0b300b61d613198', 'activityState', '活动状态', '进行中', '1', NULL, '2', 2, '19741519c789413da99f3ecc5377ffca', '1', NULL, NULL, NULL, '1', '1', '1', '2020-06-22 15:47:52', NULL, NULL, NULL);
INSERT INTO `t_sys_dict` VALUES ('adca6bcc181b4e9fb333f8d78b3b2de9', 'pkgLevel', '教学包适用层次', '高职', '2', NULL, '2', 2, 'ea0c6f1698fb4c96b46c58996f0064fd', '1', NULL, NULL, NULL, '1', '1', '1', '2019-07-26 14:38:54', NULL, NULL, NULL);
INSERT INTO `t_sys_dict` VALUES ('b2187623988749189b7e36d595d9e5c9', 'newsStatus', '新闻资讯状态', '未通过', '4', NULL, '2', 4, '864de58f9cd247c8a829bf385cdcfb9d', '1', NULL, NULL, NULL, '1', '1', '1', '2019-08-16 16:27:28', NULL, NULL, NULL);
INSERT INTO `t_sys_dict` VALUES ('bba6021a8344454fb23e8c75fefda4e0', 'activityQuestionType', '题目类型(活动)', '简答', '3', NULL, '2', 3, '688e4ec4b811411596632f0a80323aad', '1', NULL, NULL, NULL, '1', '1', '1', '2020-07-08 16:36:39', NULL, NULL, NULL);
INSERT INTO `t_sys_dict` VALUES ('c06d94b8e2944887beb2277bb8957dd1', 'pkgLevel', '教学包适用层次', '本科', '1', NULL, '2', 1, 'ea0c6f1698fb4c96b46c58996f0064fd', '1', NULL, NULL, NULL, '1', '1', '1', '2019-07-26 14:38:44', NULL, NULL, NULL);
INSERT INTO `t_sys_dict` VALUES ('c5225891d6534da4b91581fe25924ddf', 'sex', '性别', '保密', '0', '', '2', 3, '84c337cbfa414507a678a32a22f924dc', '1', NULL, '', '', '1', '1', '1', '2018-05-04 17:13:35', '1', '', '');
INSERT INTO `t_sys_dict` VALUES ('d38bfc9575b844caa24c0b56da56b07b', 'activityState', '活动状态', '已结束', '2', NULL, '2', 3, '19741519c789413da99f3ecc5377ffca', '1', NULL, NULL, NULL, '1', '1', '1', '2020-06-22 15:48:07', NULL, NULL, NULL);
INSERT INTO `t_sys_dict` VALUES ('d696266f71cc40dc99298e32de8ba90c', 'term', '所属阶段', '第三阶段', '3', NULL, '2', 3, 'a4d5f60d75d54864aef8b54cadfe8123', '1', NULL, NULL, NULL, '0', '1', '1', '2021-11-30 13:23:57', '1', '2021-11-30 13:23:17', NULL);
INSERT INTO `t_sys_dict` VALUES ('dd5250d847214de093b437335df54f92', 'teacher_state', '教师状态', '', '', '', '1', 1, '0', '1', NULL, '', '', '1', '1', '1', '2018-12-14 16:56:46', '1', '', '');
INSERT INTO `t_sys_dict` VALUES ('e094c6ae52904d9bbd8a914081cb4728', 'group_member_identity', '课堂小组成员身份', '无', '0', NULL, '2', 1, '0717782e383d41f4bed7c3b1ca5f0956', '1', NULL, NULL, NULL, '1', '1', 'ec7a75b6122d4f9b8c7b08459b3c4b3f', '2021-09-22 08:49:56', NULL, NULL, NULL);
INSERT INTO `t_sys_dict` VALUES ('e2f6d38e76194503a72ee2f2b37219f3', 'sex', '性别', '男', '1', '', '2', 1, '84c337cbfa414507a678a32a22f924dc', '1', NULL, '', '', '1', '1', '1', '2018-03-02 09:32:03', '1', '', '');
INSERT INTO `t_sys_dict` VALUES ('e80e9e4659ba48d7aaa60bf61955d91b', 'pkgLimit', '教学包使用限制', NULL, NULL, NULL, '1', 1, '0', '1', NULL, NULL, NULL, '1', '1', '1', '2019-07-26 14:54:25', NULL, NULL, NULL);
INSERT INTO `t_sys_dict` VALUES ('e9c9a42d1574469ea8506b4243c58474', 'pkgLevel', '教学包适用层次', '专升本', '4', NULL, '2', 4, 'ea0c6f1698fb4c96b46c58996f0064fd', '1', NULL, NULL, NULL, '1', '1', '1', '2021-02-25 10:11:58', NULL, NULL, NULL);
INSERT INTO `t_sys_dict` VALUES ('ea0c6f1698fb4c96b46c58996f0064fd', 'pkgLevel', '教学包适用层次', NULL, NULL, NULL, '1', 1, '0', '1', NULL, NULL, NULL, '1', '1', '1', '2019-07-26 14:38:28', NULL, NULL, NULL);
INSERT INTO `t_sys_dict` VALUES ('f30254b9da664de3a2d76ccc69d75458', 'deployMainType', '教学包发布方大类', '学校', '1', NULL, '2', 1, '85e08b917c8a4da2ad2356680395315f', '1', NULL, NULL, NULL, '1', '1', '1', '2019-07-26 14:58:23', NULL, NULL, NULL);
INSERT INTO `t_sys_dict` VALUES ('fbfbed1fa506439d9113e1290099cac3', 'newsStatus', '新闻资讯状态', '已删除', '3', NULL, '2', 3, '864de58f9cd247c8a829bf385cdcfb9d', '1', NULL, NULL, NULL, '1', '1', '1', '2019-07-23 10:32:35', NULL, NULL, NULL);

-- ----------------------------
-- Table structure for t_sys_log
-- ----------------------------
DROP TABLE IF EXISTS `t_sys_log`;
CREATE TABLE `t_sys_log`  (
  `id` varchar(32) CHARACTER SET utf8mb4 COLLATE utf8mb4_general_ci NOT NULL COMMENT '主键',
  `username` varchar(50) CHARACTER SET utf8mb4 COLLATE utf8mb4_general_ci NULL DEFAULT NULL COMMENT '用户名',
  `operation` varchar(50) CHARACTER SET utf8mb4 COLLATE utf8mb4_general_ci NULL DEFAULT NULL COMMENT '用户操作',
  `method` varchar(200) CHARACTER SET utf8mb4 COLLATE utf8mb4_general_ci NULL DEFAULT NULL COMMENT '请求方法',
  `params` longtext CHARACTER SET utf8mb4 COLLATE utf8mb4_general_ci NULL COMMENT '请求参数',
  `returns` longtext CHARACTER SET utf8mb4 COLLATE utf8mb4_general_ci NULL COMMENT '响应参数',
  `ip` varchar(64) CHARACTER SET utf8mb4 COLLATE utf8mb4_general_ci NULL DEFAULT NULL COMMENT 'IP地址',
  `create_date` varchar(20) CHARACTER SET utf8mb4 COLLATE utf8mb4_general_ci NULL DEFAULT NULL COMMENT '创建时间',
  `log_type` int(0) NULL DEFAULT NULL COMMENT '日志类型，0为操作日志，1为异常日志',
  `request_uri` varchar(200) CHARACTER SET utf8mb4 COLLATE utf8mb4_general_ci NULL DEFAULT NULL COMMENT '请求URI',
  `exception_code` varchar(100) CHARACTER SET utf8mb4 COLLATE utf8mb4_general_ci NULL DEFAULT NULL COMMENT '异常码',
  `exception_detail` varchar(2000) CHARACTER SET utf8mb4 COLLATE utf8mb4_general_ci NULL DEFAULT NULL COMMENT '异常描述',
  `time_consuming` bigint(0) NULL DEFAULT NULL COMMENT '请求耗时',
  `user_agent` varchar(500) CHARACTER SET utf8mb4 COLLATE utf8mb4_general_ci NULL DEFAULT NULL COMMENT '客户端信息',
  `app_id` varchar(32) CHARACTER SET utf8mb4 COLLATE utf8mb4_general_ci NULL DEFAULT NULL COMMENT '应用系统',
  PRIMARY KEY (`id`) USING BTREE
) ENGINE = InnoDB CHARACTER SET = utf8mb4 COLLATE = utf8mb4_general_ci COMMENT = '系统日志' ROW_FORMAT = Dynamic;

-- ----------------------------
-- Records of t_sys_org
-- ----------------------------
INSERT INTO `t_sys_org` VALUES ('10865', NULL, '湖南信息职业技术学院', '03', '123456', '信息学院', '-1', NULL, NULL, '1', NULL, NULL, NULL, NULL, NULL, NULL, '1', NULL, 'HN*SX', 'HuNan**jiShuXueyuan', NULL, '1', '2020-09-01 16:55:50', '1', '2020-10-15 09:17:01', NULL, NULL, NULL, NULL);
INSERT INTO `t_sys_org` VALUES ('1881b7c655014abea780d23da0f00ebb', NULL, '湖南电子科技职业学院', '08', '412300', '电子科技职院', '-1', NULL, NULL, '1', NULL, NULL, NULL, NULL, NULL, NULL, '1', NULL, NULL, NULL, NULL, '1', '2021-05-31 22:19:59', NULL, NULL, NULL, NULL, NULL, NULL);
INSERT INTO `t_sys_org` VALUES ('3242e174551c42f9bd737afb80fdb7d2', NULL, '吉林大学', '05', '412305', '吉林大学', '-1', NULL, NULL, '1', NULL, NULL, NULL, NULL, NULL, NULL, '1', NULL, 'JLD', 'JiLinDaxue', NULL, '1', '2020-09-23 10:42:59', NULL, NULL, NULL, NULL, NULL, NULL);
INSERT INTO `t_sys_org` VALUES ('408ea3a61e754f14900a15284020208f', NULL, '湖南工业职业技术学院', '09', '412300', '湖南工业职业技术学院', '-1', NULL, NULL, '1', NULL, NULL, NULL, NULL, NULL, NULL, '1', NULL, 'HNGYZYJSX', 'HuNanGongYeZhiYeJiShuXueyuan', NULL, '1', '2021-10-25 11:46:13', '1', '2021-10-25 11:46:36', NULL, NULL, NULL, NULL);
INSERT INTO `t_sys_org` VALUES ('845786f2bfbf46398e3b495f6c7014bc', 1, '湖南创蓝信息科技有限公司', '01', '410017', '创蓝信息', '-1', NULL, NULL, '0', '阳光100国际新城1-34栋', '', '', '', '0731-89913439', '', '1', '', 'HNCLXXKJYXG', 'HuNanChuangLanXinXiKeJiYouXianGongsi', NULL, '1', NULL, '1', '2021-02-25 11:04:47', NULL, NULL, NULL, NULL);
INSERT INTO `t_sys_org` VALUES ('8e5043e881534abca617043ce08b17f5', NULL, '长沙理工大学', '04', '430222', '长沙理工', '-1', NULL, NULL, '1', NULL, NULL, NULL, NULL, NULL, NULL, '1', NULL, 'ZSLGD', 'ZhangShaLiGongDaxue', NULL, '1', '2020-09-23 10:42:06', NULL, NULL, NULL, NULL, NULL, NULL);
INSERT INTO `t_sys_org` VALUES ('ab4dca41d4a24ba49dbd60850dfd8a78', NULL, '国防科技大学', '02', '412309', '国防科大', '-1', NULL, NULL, '1', NULL, NULL, NULL, NULL, NULL, NULL, '1', NULL, 'GFKJD', 'GuoFangKeJiDaxue', NULL, '1', '2020-09-02 17:12:34', NULL, NULL, NULL, NULL, NULL, NULL);
INSERT INTO `t_sys_org` VALUES ('acb356043ff94b0ab51d921d6eabcb25', NULL, '湖南大学', '07', '412304', '湖南大学', '-1', NULL, NULL, '1', NULL, NULL, NULL, NULL, NULL, NULL, '1', NULL, 'HND', 'HuNanDaxue', NULL, '1', '2020-09-23 10:44:47', NULL, NULL, NULL, NULL, NULL, NULL);
INSERT INTO `t_sys_org` VALUES ('ba341773011f4bacb917859516ff54de', NULL, '湖南工业大学', '010', '412300', '湖南工业大学', '-1', NULL, NULL, '1', NULL, NULL, NULL, NULL, NULL, NULL, '1', NULL, 'HNGYD', 'HuNanGongYeDaxue', NULL, '1', '2021-10-25 11:47:44', NULL, NULL, NULL, NULL, NULL, NULL);
INSERT INTO `t_sys_org` VALUES ('bec753ae9b4c4d6d856dcaa6e4526b2b', NULL, '网络空间安全学院', '0302', '412300', '网络空间安全学院', '10865', NULL, NULL, '0', NULL, NULL, NULL, NULL, NULL, NULL, '1', NULL, 'WLKJAQX', 'WangLuoKongJianAnQuanXueyuan', NULL, '1', '2020-09-26 20:55:59', '1', '2020-09-26 20:57:08', NULL, NULL, NULL, NULL);
INSERT INTO `t_sys_org` VALUES ('c58056a52099439cb1c527b76b5e0aab', NULL, '人工智能与软件工程学院', '0801', '412300', '软件学院', '1881b7c655014abea780d23da0f00ebb', NULL, NULL, '0', NULL, NULL, NULL, NULL, NULL, NULL, '1', NULL, 'RGZNHRJX', 'RenGongZhiNengHeRuanJianXueyuan', NULL, '1', '2021-05-31 22:23:00', '1', '2022-03-12 15:36:07', NULL, NULL, NULL, NULL);
INSERT INTO `t_sys_org` VALUES ('e1ba0dbcf3cc4944a4845bb132e9726c', NULL, '信息工程学院', '0901', '412300', '信息工程学院', '408ea3a61e754f14900a15284020208f', NULL, NULL, '0', NULL, NULL, NULL, NULL, NULL, NULL, '1', NULL, 'XXGCX', 'XinXiGongChengXueyuan', NULL, '1', '2021-10-25 11:47:08', NULL, NULL, NULL, NULL, NULL, NULL);
INSERT INTO `t_sys_org` VALUES ('fac783801284490fb3cce1dc06c54e53', NULL, '中南大学', '06', '412304', '中南大学', '-1', NULL, NULL, '1', NULL, NULL, NULL, NULL, NULL, NULL, '1', NULL, 'ZND', 'ZhongNanDaxue', NULL, '1', '2020-09-23 10:44:34', NULL, NULL, NULL, NULL, NULL, NULL);
INSERT INTO `t_sys_org` VALUES ('fccade7bb8ac4dcb8c56e5341437c786', NULL, '软件学院', '0301', '123456', '软件学院', '10865', NULL, NULL, '0', NULL, NULL, NULL, NULL, NULL, NULL, '1', NULL, 'RJX', 'RuanJianXueyuan', NULL, '1', '2020-09-24 11:31:17', '1', '2020-09-26 20:55:18', NULL, NULL, NULL, NULL);

-- ----------------------------
-- Records of t_sys_parameter
-- ----------------------------
INSERT INTO `t_sys_parameter` VALUES ('03b0074668b3425ea832021b1cc0f9c0', '1', '岗位类型', '3', '编外人员', 'postType', 3, NULL, '1', '1', '2019-08-31 11:35:24', NULL, NULL);
INSERT INTO `t_sys_parameter` VALUES ('091c43797e324d7c9e444b411bcdaa0c', '0', '参数是否显示', '0', '隐藏', 'displaying', 2, '', '3', '1', NULL, '1', NULL);
INSERT INTO `t_sys_parameter` VALUES ('2634443fe4bf41b588282d4bd47b7139', '1', '附件类型', '6', '新闻logo', 'fileType', 6, NULL, '1', '1', '2019-07-25 11:22:41', '1', '2019-07-25 17:58:42');
INSERT INTO `t_sys_parameter` VALUES ('2843901e86c94bc0a3740388429a98d1', '1', '参数是否显示', '1', '显示', 'displaying', 1, '', '3', '1', NULL, '1', NULL);
INSERT INTO `t_sys_parameter` VALUES ('3a2b51854e32411c991bfa43f69d9e35', '0', '用户类型', '1', '外部', 'userType', 2, '', '1', '1', NULL, '1', '2019-06-18 11:14:15');
INSERT INTO `t_sys_parameter` VALUES ('4a3c63fe93284958910c4befce1cd300', '1', '字典展示形式', '1', '列表结构', 'displaySort', 1, '', '1', '1', NULL, '1', NULL);
INSERT INTO `t_sys_parameter` VALUES ('506305e60cb94814bf39e4604e151189', '1', '附件类型', '5', '广告图片', 'fileType', 5, NULL, '1', '1', '2019-07-20 16:19:02', '1', '2019-07-25 17:58:14');
INSERT INTO `t_sys_parameter` VALUES ('65df1fd9b2364407af798d62da9ce19b', '1', '附件类型', '8', '明星头像', 'fileType', 8, NULL, '1', '1', '2019-07-25 18:00:06', NULL, NULL);
INSERT INTO `t_sys_parameter` VALUES ('77685ec159e14656b1d0da2c16263375', '1', '附件类型', '10', '活教材封面图', 'fileType', 10, NULL, '1', '1', '2019-07-26 14:23:51', '1', '2019-07-26 14:24:02');
INSERT INTO `t_sys_parameter` VALUES ('9246fff7de4f47b593ba88c47beddd89', '1', '附件类型', '9', '企业logo', 'fileType', 9, NULL, '1', '1', '2019-07-25 18:00:24', NULL, NULL);
INSERT INTO `t_sys_parameter` VALUES ('9284990dadbe49f4861ada58dc1ff0a0', '0', '用户状态', '0', '禁用', 'status', 2, '', '1', '1', NULL, '1', '2019-06-19 11:25:40');
INSERT INTO `t_sys_parameter` VALUES ('954ad30fb3074bae8ce090fc218c53ba', '1', '附件类型', '7', '教师头像', 'fileType', 7, NULL, '1', '1', '2019-07-25 17:58:57', NULL, NULL);
INSERT INTO `t_sys_parameter` VALUES ('9ce77bd7d6d14c2382b6f292a1dcfc4a', '1', '附件类型', '3', '系统设置', 'fileType', 3, NULL, '1', '1', '2019-07-26 08:52:48', NULL, NULL);
INSERT INTO `t_sys_parameter` VALUES ('a4710d4144604d398f10f58b26dac383', '1', '用户状态', '1', '正常', 'status', 1, '', '1', '1', NULL, '1', '2019-06-19 11:25:45');
INSERT INTO `t_sys_parameter` VALUES ('ab556ac473cb494eaa9002f3c047b2cb', '0', '字典展示形式', '2', '树型结构', 'displaySort', 1, '', '1', '1', NULL, '1', NULL);
INSERT INTO `t_sys_parameter` VALUES ('ad2ddbc0498b4eb2938eade892eda6e0', '1', '参数默认值', '1', '是', 'isdefault', 1, '', '3', '1', NULL, '1', NULL);
INSERT INTO `t_sys_parameter` VALUES ('af8e5651b8ee431ebe1286b5f32cae65', '1', '编码每级长度', '3', 'orgCodeLength', 'codeLength', NULL, '', '1', '1', NULL, '1', NULL);
INSERT INTO `t_sys_parameter` VALUES ('b66380c0fa434502a17cf74d22764bb0', '1', '附件类型', '4', '站点栏目图片', 'fileType', 4, NULL, '3', '1', '2019-07-20 11:07:39', '1', '2019-07-25 17:54:10');
INSERT INTO `t_sys_parameter` VALUES ('d4cd23eae6024374a5b09c9d6194fe6b', '0', '参数默认值', '0', '否', 'isdefault', 2, '', '3', '1', NULL, '1', NULL);
INSERT INTO `t_sys_parameter` VALUES ('e817c856f7e04991b25bbb036e8b4527', '1', '岗位类型', '1', '普通员工', 'postType', 1, '', '3', '1', NULL, '1', '2019-06-19 11:21:15');
INSERT INTO `t_sys_parameter` VALUES ('f42db395ec624bafab493f0b535e4d40', '1', '用户类型', '0', '内部', 'userType', 1, '', '1', '1', NULL, '1', '2019-06-18 11:14:07');
INSERT INTO `t_sys_parameter` VALUES ('fe57d9cb875443d6b45202a8f56d3695', '0', '岗位类型', '0', '公司领导', 'postType', 2, '', '3', '1', NULL, '1', NULL);
INSERT INTO `t_sys_parameter` VALUES ('fe57d9cb875443d6b45892a8f53vgf95', '1', '附件类型', '2', '用户头像附件', 'fileType', 2, '', '3', '1', '2018-05-29 17:37:02', '1', '2019-05-29 09:13:11');
INSERT INTO `t_sys_parameter` VALUES ('fe57d9cb875443d6b45892a8f53voif5', '1', '附件状态', '1', '已关联绑定', 'fileState', 2, '', '3', '1', '2018-05-29 17:37:02', '1', '2019-05-29 09:13:11');
INSERT INTO `t_sys_parameter` VALUES ('fe57d9cb875443d6b45892a8f56d3520', '1', '附件状态', '0', '未关联绑定', 'fileState', 1, '', '3', '1', '2018-05-29 17:37:02', '1', '2019-05-29 09:13:11');
INSERT INTO `t_sys_parameter` VALUES ('fe57d9cb875443d6b45892a8f56d3695', '1', '附件类型', '1', '字典附件', 'fileType', 1, '', NULL, '1', '2018-05-29 17:37:02', '1', '2019-07-20 16:19:30');

-- ----------------------------
-- Records of t_sys_post
-- ----------------------------
INSERT INTO `t_sys_post` VALUES ('0beda90a28a7437aabc0809d8a1256dc', '2131321', '', '2', NULL, '1', '2022-08-22 14:55:43', NULL, NULL, 3);
INSERT INTO `t_sys_post` VALUES ('1680bfa034874a4093ddd581352b8fad', '231', '213', '2', NULL, '1', '2022-08-27 08:45:33', '1', '2022-09-06 14:49:49', 5);
INSERT INTO `t_sys_post` VALUES ('1bf9f454de1744a68981d422e882114f', '12', '', '3', NULL, '9ff07c2aaa2f49949c6c04e43741f8f4', '2022-09-13 11:30:59', NULL, NULL, 7);
INSERT INTO `t_sys_post` VALUES ('230a9fd6d7f3409587f3bb594ca84294', '12', '', '3', NULL, '9ff07c2aaa2f49949c6c04e43741f8f4', '2022-09-13 11:30:56', NULL, NULL, 7);
INSERT INTO `t_sys_post` VALUES ('2e44bffe2b024c7db14be9eba381bd67', '12', '', '3', NULL, '9ff07c2aaa2f49949c6c04e43741f8f4', '2022-09-13 11:31:00', NULL, NULL, 7);
INSERT INTO `t_sys_post` VALUES ('3e57640b358542e3b79bb189df99ce4e', '12', '', '3', NULL, '1', '2022-09-13 11:05:26', NULL, NULL, 7);
INSERT INTO `t_sys_post` VALUES ('4dd67da715104cdfbe76f9c2ee401327', '12', '', '3', NULL, '9ff07c2aaa2f49949c6c04e43741f8f4', '2022-09-13 11:20:30', NULL, NULL, 7);
INSERT INTO `t_sys_post` VALUES ('6b669cec35c04cc5a936388eeefe6ffd', '12', '', '3', NULL, '9ff07c2aaa2f49949c6c04e43741f8f4', '2022-09-13 11:09:12', NULL, NULL, 7);
INSERT INTO `t_sys_post` VALUES ('a0ca81ecc17947f4b5e91a906f583b8a', '12', '', '3', NULL, '9ff07c2aaa2f49949c6c04e43741f8f4', '2022-09-13 11:08:32', NULL, NULL, 7);
INSERT INTO `t_sys_post` VALUES ('a0ecdc8e6b0742508cc76b1923201c73', '1231', '1231', '1', NULL, '1', '2022-08-27 08:45:28', NULL, NULL, 4);
INSERT INTO `t_sys_post` VALUES ('b403833405d1412ca3170c09974e97ed', '12', '', '3', NULL, '1', '2022-09-13 11:04:53', NULL, NULL, 7);
INSERT INTO `t_sys_post` VALUES ('b9bd200881f84b0c867fa4f7bb93be31', '12313', '', '3', NULL, '1', '2022-09-01 15:09:34', NULL, NULL, 6);
INSERT INTO `t_sys_post` VALUES ('c43019ab3e0b4037ac540ac015e95fcf', '12', '', '3', NULL, '9ff07c2aaa2f49949c6c04e43741f8f4', '2022-09-13 11:11:24', NULL, NULL, 7);
INSERT INTO `t_sys_post` VALUES ('c9cbcb4c59f146d9901c0d2bd2ce67f8', '12311', '', '3', NULL, '1', '2022-09-01 15:09:38', NULL, NULL, 1);
INSERT INTO `t_sys_post` VALUES ('dd5a71cdfd764e91b1d2c52fdc62771c', '12', '', '3', NULL, '9ff07c2aaa2f49949c6c04e43741f8f4', '2022-09-13 11:30:59', NULL, NULL, 7);
INSERT INTO `t_sys_post` VALUES ('e8ff4fb0ef30419cb39ae942924284ed', '董事长', '', '1', NULL, '1', '2022-08-22 14:55:47', '1', '2022-08-22 14:56:03', 1);
INSERT INTO `t_sys_post` VALUES ('f40eb97dc098426bbd32d82cdb3614b6', '总经理', '', '1', NULL, '1', '2022-08-17 14:01:29', '1', '2022-08-22 14:56:21', 2);

-- ----------------------------
-- Records of t_sys_resource
-- ----------------------------
INSERT INTO `t_sys_resource` VALUES ('009ec0088551486d8e6d94d1a51df3b4', 'f9e8bed5cf6a485db552e0602741564c', '查看', NULL, 'sys:tsysdict:view', 2, NULL, 1, NULL, NULL, NULL, '1', '1', '2018-03-28 11:58:38', '1', NULL, NULL);
INSERT INTO `t_sys_resource` VALUES ('04f3562771a744bdb70511f6ca63e1a7', 'cfea91bab6b34fb396c0e37486f35bbd', '新增', NULL, 'forum:tevglforumfriend:add', 2, NULL, 1, NULL, NULL, NULL, '1', '1', '2021-03-08 14:40:00', '1', '2021-03-08 14:40:17', NULL);
INSERT INTO `t_sys_resource` VALUES ('05c93a7893754c279d7549e1e8c6270b', '26715d0dc99f4c92b61d97b9bc074312', '新增', NULL, 'site:tevglsiteresourceext:add', 2, NULL, 1, NULL, NULL, NULL, '1', '1', '2019-07-16 08:57:25', NULL, NULL, NULL);
INSERT INTO `t_sys_resource` VALUES ('05e3f0068784445582b521efd708e85d', '89bbe647e4a34ae98df0e31dfdff48d0', '删除', NULL, 'site:tevglsiteupdatelog:remove', 2, NULL, 3, NULL, NULL, NULL, '1', '1', '2020-09-01 09:30:11', NULL, NULL, NULL);
INSERT INTO `t_sys_resource` VALUES ('062e19317bf04d0dbb4c21a228de690a', '89bbe647e4a34ae98df0e31dfdff48d0', '修改', NULL, 'site:tevglsiteupdatelog:edit', 2, NULL, 2, NULL, NULL, NULL, '1', '1', '2020-09-01 09:30:11', NULL, NULL, NULL);
INSERT INTO `t_sys_resource` VALUES ('0dd44379d5224cd994f51cfcdb613027', '9243558bee9548bcb08ca596c37e8a5b', '查看', NULL, 'site:tevglsitenews:view', 2, NULL, 4, NULL, NULL, NULL, '1', '1', '2019-07-20 14:10:24', NULL, NULL, NULL);
INSERT INTO `t_sys_resource` VALUES ('0e0a4e29e34b4646a66d22cd5b876713', 'b43e1950c19d40deb8b9b701ffec5f65', '栏目图片', '/site/tevglsiteavd', 'site:tevglsiteavd:list,site:tevglsiteavd:query', 1, 'fa fa-area-chart', 2, '', 0, NULL, '1', '1', '2019-07-15 10:54:48', '1', '2019-07-22 10:18:49', NULL);
INSERT INTO `t_sys_resource` VALUES ('0e32bdae84a94c5f9bf81c619aa300bd', '82c786f2bfbf46398e3b495f6c70156c', '上下移', NULL, 'sys:menu:move', 2, NULL, 1, NULL, 0, NULL, '1', '1', '2019-06-18 09:18:59', '1', NULL, NULL);
INSERT INTO `t_sys_resource` VALUES ('1', '19c786f2bfbf46398e3b495f6c7014b1', '系统管理', '', '', 0, 'fa  fa-th-large', 2, '', NULL, NULL, '1', '1', NULL, '1', '2019-06-19 08:33:10', NULL);
INSERT INTO `t_sys_resource` VALUES ('11bc5f0d88e94f1d817aa535892b2530', '538ecb94406f46f4862748f0c4ed847c', '新增', NULL, 'tch:tevgltchclasstrainee:add', 2, NULL, 1, NULL, NULL, NULL, '1', '1', '2020-10-27 15:42:39', '1', '2020-10-27 15:42:49', NULL);
INSERT INTO `t_sys_resource` VALUES ('11c786f2bfbf46398e3b495f6c7014bc', '99c786f2bfbf46398e3b495f6c7014bc', '暂停', NULL, 'sys:job:pause', 2, NULL, 0, NULL, NULL, NULL, '1', '1', NULL, '1', NULL, NULL);
INSERT INTO `t_sys_resource` VALUES ('12c786f2bfbf46398e3b495f6c7014bc', '99c786f2bfbf46398e3b495f6c7014bc', '恢复', NULL, 'sys:job:resume', 2, NULL, 0, NULL, NULL, NULL, '1', '1', NULL, '1', NULL, NULL);
INSERT INTO `t_sys_resource` VALUES ('137d86ffc32a44b4ae2b43b2f014c5c8', 'dc86ce2ecef34cbea905ad78305e9e10', '删除', NULL, 'sys:tsyspost:remove', 2, NULL, 4, NULL, NULL, NULL, '1', '1', '2019-06-12 14:51:52', '1', NULL, NULL);
INSERT INTO `t_sys_resource` VALUES ('13c786f2bfbf46398e3b495f6c7014bc', '99c786f2bfbf46398e3b495f6c7014bc', '立即执行', NULL, 'sys:job:run', 2, NULL, 0, NULL, NULL, NULL, '1', '1', NULL, '1', NULL, NULL);
INSERT INTO `t_sys_resource` VALUES ('14c786f2bfbf46398e3b495f6c7014bc', '99c786f2bfbf46398e3b495f6c7014bc', '日志列表', NULL, 'sys:job:log', 2, NULL, 0, NULL, NULL, NULL, '1', '1', NULL, '1', NULL, NULL);
INSERT INTO `t_sys_resource` VALUES ('1561d13cabc648b29ec45d2b9764b69d', '93d786f2bfbf46398e3b495f6c70156c', '查询', 'sys/role/query', 'sys:role:query', 2, '', 1, '', NULL, NULL, '1', '1', '2018-03-28 11:42:44', '1', NULL, NULL);
INSERT INTO `t_sys_resource` VALUES ('15d786f2bfbf46398e3b495f6c70156c', '92c786f2bfbf46398e3b495f6c70156c', '查看', NULL, 'sys:tsysuserinfo:list,sys:user:info', 2, NULL, 0, NULL, NULL, NULL, '1', '1', NULL, '1', NULL, NULL);
INSERT INTO `t_sys_resource` VALUES ('16d786f2bfbf46398e3b495f6c70156c', '92c786f2bfbf46398e3b495f6c70156c', '新增', '', 'sys:tsysuserinfo:add,sys:role:view', 2, '', 1, '', NULL, NULL, '1', '1', NULL, '1', '2018-03-28 11:02:56', NULL);
INSERT INTO `t_sys_resource` VALUES ('17d786f2bfbf46398e3b495f6c70156c', '92c786f2bfbf46398e3b495f6c70156c', '修改', NULL, 'sys:tsysuserinfo:edit,sys:role:view', 2, NULL, 0, NULL, NULL, NULL, '1', '1', NULL, '1', NULL, NULL);
INSERT INTO `t_sys_resource` VALUES ('180108b6b3a044c9bfb0123fdf60ab88', 'd552fe2536d64166b69b29705e3bf6b8', '删除', NULL, 'tch:tevgltchteacher:remove', 2, NULL, 3, NULL, NULL, NULL, '1', '1', '2019-07-22 15:46:36', '1', '2019-07-22 15:54:07', NULL);
INSERT INTO `t_sys_resource` VALUES ('18d786f2bfbf46398e3b495f6c70156c', '92c786f2bfbf46398e3b495f6c70156c', '删除', NULL, 'sys:tsysuserinfo:remove', 2, NULL, 0, NULL, NULL, NULL, '1', '1', NULL, '1', NULL, NULL);
INSERT INTO `t_sys_resource` VALUES ('19c786f2bfbf46398e3b495f6c7014b1', '-1', '教学实训云平台', '', '', -1, 'fa  fa-windows fa-lg fa-spin', 1, '', NULL, NULL, '1', '1', NULL, '1', '2021-11-19 20:22:24', NULL);
INSERT INTO `t_sys_resource` VALUES ('19d786f2bfbf46398e3b495f6c70156c', '93d786f2bfbf46398e3b495f6c70156c', '查看', NULL, 'sys:role:list,sys:role:info,sys:role:edit', 2, NULL, 1, NULL, NULL, NULL, '1', '1', NULL, '1', '2019-07-02 14:52:37', NULL);
INSERT INTO `t_sys_resource` VALUES ('1cc48ea31aa14f58a3a55b004568aa81', 'cfea91bab6b34fb396c0e37486f35bbd', '保存分类', NULL, 'forum:tevglforumfriendtype:add', 2, NULL, 5, NULL, 0, NULL, '1', '1', '2021-04-15 14:56:05', '1', '2021-04-15 15:04:22', NULL);
INSERT INTO `t_sys_resource` VALUES ('20d786f2bfbf46398e3b495f6c70156c', '93d786f2bfbf46398e3b495f6c70156c', '新增', '', 'sys:role:add,sys:menu:perms', 2, '', 1, '', NULL, NULL, '1', '1', NULL, '1', '2018-03-28 11:35:18', NULL);
INSERT INTO `t_sys_resource` VALUES ('2222226398e3b495f6c7014b1', '-1', '实训资源库', '', '', -1, 'fa  fa-jsfiddle fa-lg fa-spin', 2, '', NULL, NULL, '1', '1', NULL, '1', '2019-06-14 17:42:30', NULL);
INSERT INTO `t_sys_resource` VALUES ('22364ccf144d4488b0a5d646f2334438', '92c786f2bfbf46398e3b495f6c70156c', '清空权限', 'sys/tsysuserinfo/clearpermissions', 'sys:tsysuserinfo:clear', 2, '', 8, '', NULL, NULL, '1', '1', '2018-03-28 11:24:16', '1', NULL, NULL);
INSERT INTO `t_sys_resource` VALUES ('23b7fb277d5e4027b2ee225597e64b82', 'e517523468cf41bab3d77b7aa3fa4065', '行业资讯', '', '', 4, 'fa fa-linode', 1, '', NULL, NULL, '1', '1', '2019-07-20 14:20:19', '1', '2019-08-08 16:44:32', NULL);
INSERT INTO `t_sys_resource` VALUES ('24e2dd79b05046de99da63abb8a3ba39', 'f9e8bed5cf6a485db552e0602741894c', '查看', NULL, 'sys:tsysloginlog:view', 2, NULL, 1, NULL, NULL, NULL, '0', '1', '2019-05-28 06:54:01', '1', '2019-06-15 08:57:35', NULL);
INSERT INTO `t_sys_resource` VALUES ('2521e2ec0aeb40ed8730389bd1b79502', '99c786f2bfbf46399e3b495f6c7014bc', '修改', NULL, 'sys:tsysorg:edit', 2, NULL, 3, NULL, NULL, NULL, '1', '1', '2018-03-28 11:11:04', '1', NULL, NULL);
INSERT INTO `t_sys_resource` VALUES ('25d786f2bfbf46398e3b495f6c70156c', '82c786f2bfbf46398e3b495f6c70156c', '修改', NULL, 'sys:menu:edit,sys:menu:view', 2, NULL, 0, NULL, NULL, NULL, '1', '1', NULL, '1', NULL, NULL);
INSERT INTO `t_sys_resource` VALUES ('26715d0dc99f4c92b61d97b9bc074312', 'b43e1950c19d40deb8b9b701ffec5f65', '站点栏目', '/site/tevglsiteresourceext', 'site:tevglsiteresourceext:list,site:tevglsiteresourceext:query', 1, 'fa fa-edge', 1, '', 0, NULL, '1', '1', '2019-07-15 11:07:05', '1', '2019-07-22 10:18:25', NULL);
INSERT INTO `t_sys_resource` VALUES ('26e0c47fd2694249af81767d45f25a40', '92c786f2bfbf46398e3b495f6c70156c', '重置密码', 'sys/tsysuserinfo/resetpassword', 'sys:tsysuserinfo:reset', 2, '', 6, '', NULL, NULL, '1', '1', '2018-03-28 11:23:21', '1', NULL, NULL);
INSERT INTO `t_sys_resource` VALUES ('2716eca246ee42bfb19b129ccdf569b6', '0e0a4e29e34b4646a66d22cd5b876713', '修改', NULL, 'site:tevglsiteavd:edit', 2, NULL, 2, NULL, NULL, NULL, '1', '1', '2019-07-15 10:59:24', NULL, NULL, NULL);
INSERT INTO `t_sys_resource` VALUES ('28077fd8d6d24bdebbb28a3aa4c195ce', 'f9e8bed5cf6a485db552e0602741845c', '查询', '', 'sys:tsysattach:query', 2, '', 1, '', NULL, NULL, '1', '1', '2018-03-28 11:57:26', '1', '2018-03-28 11:57:53', NULL);
INSERT INTO `t_sys_resource` VALUES ('29ce103136694ccdaf437d160a939aaa', 'cb09c1957521474dae30b4768b74bc8e', '修改', NULL, 'medu:tmedumediaavd:edit', 2, NULL, 2, NULL, NULL, NULL, '1', '1', '2020-09-02 11:55:30', NULL, NULL, NULL);
INSERT INTO `t_sys_resource` VALUES ('2b64ea278d23403f8b30d4405c2d9673', '5b53877cef0f4eeaadd7f96dc87273ae', '新增', NULL, 'book:tevglbookmajor:add', 2, NULL, 1, NULL, NULL, NULL, '1', '1', '2019-07-30 17:07:02', NULL, NULL, NULL);
INSERT INTO `t_sys_resource` VALUES ('316b953d58604d2c8405dc5951de787c', '5bb687aa97dd4084871bdc700789b5c4', '活教材', 'https://www.budaos.com/#/library', '', 4, 'fa fa-file', 2, '', NULL, NULL, '1', '1', '2019-07-18 09:16:20', '1', '2019-08-31 09:46:17', NULL);
INSERT INTO `t_sys_resource` VALUES ('3409b6acc15d46caad2feb7348c77693', '5b53877cef0f4eeaadd7f96dc87273ae', '维护活教材', NULL, 'book:tevglbookmajor:content', 2, NULL, 5, NULL, 0, NULL, '1', 'ec7a75b6122d4f9b8c7b08459b3c4b3f', '2021-11-08 18:07:41', 'ec7a75b6122d4f9b8c7b08459b3c4b3f', '2021-11-08 18:08:00', NULL);
INSERT INTO `t_sys_resource` VALUES ('34d786f2bfbf46398e3b495f6c70156c', '82c786f2bfbf46398e3b495f6c70156c', '新增', NULL, 'sys:menu:save,sys:menu:view,sys:menu:add', 2, NULL, 0, NULL, NULL, NULL, '1', '1', NULL, '1', NULL, NULL);
INSERT INTO `t_sys_resource` VALUES ('3639e81f68a3469aae5254c7510ccf1a', '83d786f2bfbf46398e3b495f6c70156c', '新增', NULL, 'sys:tsysparameter:add', 2, NULL, 2, NULL, NULL, NULL, '1', '1', '2018-03-28 11:59:41', '1', NULL, NULL);
INSERT INTO `t_sys_resource` VALUES ('371d98578b7c4be1867aa6b5e2d67031', 'e0904dc937b2446ab4e4f04512c00070', '班级管理', '/res/tevgltchclass', 'tch:tevgltchclass:query', 1, 'fa fa-id-card-o', 3, NULL, 0, NULL, '1', '1', '2019-08-19 17:49:14', '1', '2020-10-15 09:10:16', NULL);
INSERT INTO `t_sys_resource` VALUES ('3f1bfc13843b43efb6ec6ee97eb0b06f', '538ecb94406f46f4862748f0c4ed847c', '导入', '1', 'tch:tevgltchclasstrainee:import', 2, NULL, 5, NULL, 0, NULL, '1', '1', '2020-10-27 15:43:31', NULL, NULL, NULL);
INSERT INTO `t_sys_resource` VALUES ('3fb6ba51ca0d492da54fe37b8184e83c', '99c786f2bfbf46399e3b495f6c7014bc', '删除', NULL, 'sys:tsysorg:remove', 2, NULL, 4, NULL, NULL, NULL, '1', '1', '2018-03-28 11:11:04', '1', NULL, NULL);
INSERT INTO `t_sys_resource` VALUES ('415052f1f6344a37af12a2a3d024b1a9', '371d98578b7c4be1867aa6b5e2d67031', '新增', NULL, 'tch:tevgltchclass:add', 2, NULL, 1, NULL, NULL, NULL, '1', '1', '2019-08-19 17:49:32', '1', '2019-08-19 17:49:40', NULL);
INSERT INTO `t_sys_resource` VALUES ('42f49a7a91f24a0aa81e2eb48ebfcb83', 'f9e8bed5cf6a485db552e0602741894c', '新增', NULL, 'sys:tsysloginlog:add', 2, NULL, 2, NULL, NULL, NULL, '1', '1', '2019-05-28 06:54:01', '1', NULL, NULL);
INSERT INTO `t_sys_resource` VALUES ('4427179c78ba46aa9c08cda5eab868f8', 'e517523468cf41bab3d77b7aa3fa4065', '站内公告', '', '', 4, 'fa fa-meetup', 1, '', NULL, NULL, '1', '1', '2019-07-20 14:19:56', '1', '2019-08-03 09:40:20', NULL);
INSERT INTO `t_sys_resource` VALUES ('44729d3a6b7841cfa6fc4fbaa6bf0c03', '9243558bee9548bcb08ca596c37e8a5b', '审核', NULL, 'site:tevglsitenews:check', 2, NULL, 5, NULL, 0, NULL, '1', '1', '2019-08-17 08:29:07', NULL, NULL, NULL);
INSERT INTO `t_sys_resource` VALUES ('44d786f2bfbf46398e3b495f6c70156c', '93d786f2bfbf46398e3b495f6c70156c', '修改', NULL, 'sys:role:edit,sys:menu:perms', 2, NULL, 0, NULL, NULL, NULL, '1', '1', NULL, '1', NULL, NULL);
INSERT INTO `t_sys_resource` VALUES ('46cb1e473c064d0c817d7093fb1c6fa8', '5b53877cef0f4eeaadd7f96dc87273ae', '修改', NULL, 'book:tevglbookmajor:edit', 2, NULL, 2, NULL, NULL, NULL, '1', '1', '2019-07-30 17:07:02', NULL, NULL, NULL);
INSERT INTO `t_sys_resource` VALUES ('4928266986db47dbbe11380b6455010a', 'bcc3290a69c94b1dbeb6e042ffa75780', '新增', NULL, 'site:tevglsitevideo:add', 2, NULL, 1, NULL, NULL, NULL, '1', '1', '2021-09-11 17:51:30', '1', '2021-09-11 17:51:51', NULL);
INSERT INTO `t_sys_resource` VALUES ('4a32326f63a14145bc9ed60421014305', '-1', '智能分析与评价', NULL, NULL, -1, 'fa fa-bar-chart fa-lg fa-spin', 4, '', 0, NULL, '1', '1', '2019-06-19 17:27:10', '1', '2019-06-19 17:33:13', NULL);
INSERT INTO `t_sys_resource` VALUES ('4bee5249bda9446f9a6364d2c2fe485e', '5b53877cef0f4eeaadd7f96dc87273ae', '移交教学包', NULL, 'pkg:tevglpkginfo:changePackage', 2, NULL, 6, NULL, 0, NULL, '1', 'ec7a75b6122d4f9b8c7b08459b3c4b3f', '2021-11-06 17:28:30', 'ec7a75b6122d4f9b8c7b08459b3c4b3f', '2021-11-08 18:08:05', NULL);
INSERT INTO `t_sys_resource` VALUES ('4ee18677f7c5488280fb5638b56b0790', 'f9e8bed5cf6a485db552e0602741894c', '修改', NULL, 'sys:tsysloginlog:edit', 2, NULL, 3, NULL, NULL, NULL, '1', '1', '2019-05-28 06:54:01', '1', NULL, NULL);
INSERT INTO `t_sys_resource` VALUES ('4f878d16bad64263870afb77132ce93c', '9243558bee9548bcb08ca596c37e8a5b', '新增', NULL, 'site:tevglsitenews:add', 2, NULL, 1, NULL, NULL, NULL, '1', '1', '2019-07-20 14:10:24', NULL, NULL, NULL);
INSERT INTO `t_sys_resource` VALUES ('52d786f2bfbf46398e3b495f6c70156c', '93d786f2bfbf46398e3b495f6c70156c', '删除', NULL, 'sys:role:remove', 2, NULL, 0, NULL, NULL, NULL, '1', '1', NULL, '1', NULL, NULL);
INSERT INTO `t_sys_resource` VALUES ('538ecb94406f46f4862748f0c4ed847c', 'e0904dc937b2446ab4e4f04512c00070', '班级成员管理', '/res/tevgltchclasstrainee', 'tch:tevgltchclasstrainee:query', 1, 'fa fa-grav', 4, NULL, 0, NULL, '1', '1', '2020-10-15 20:40:44', '1', '2020-10-27 15:42:35', NULL);
INSERT INTO `t_sys_resource` VALUES ('5752544b0992428184173fa0e6e1056b', 'bcc3290a69c94b1dbeb6e042ffa75780', '查看', NULL, 'site:tevglsitevideo:view', 2, NULL, 4, NULL, NULL, NULL, '1', '1', '2021-09-11 17:51:31', '1', '2021-09-11 17:53:31', NULL);
INSERT INTO `t_sys_resource` VALUES ('5a786f8eb6b94f0a8eff667da8d0f6b6', '5bb687aa97dd4084871bdc700789b5c4', '我要学习', 'https://www.budaos.com/#/HearClass', '', 4, 'fa fa-user-circle', 4, '', NULL, NULL, '1', '1', '2019-07-18 09:18:11', '1', '2020-09-28 17:24:53', NULL);
INSERT INTO `t_sys_resource` VALUES ('5a9d2b6fa08840ce8951304416e6bbce', '9243558bee9548bcb08ca596c37e8a5b', '删除', NULL, 'site:tevglsitenews:remove', 2, NULL, 3, NULL, NULL, NULL, '1', '1', '2019-07-20 14:10:24', NULL, NULL, NULL);
INSERT INTO `t_sys_resource` VALUES ('5b53877cef0f4eeaadd7f96dc87273ae', 'e0904dc937b2446ab4e4f04512c00070', '职业课程', '/res/tevglbookmajor', 'book:tevglbookmajor:query', 1, 'fa fa-cubes', 1, NULL, 0, NULL, '1', '1', '2019-07-30 17:06:32', '1', '2020-10-15 09:06:58', NULL);
INSERT INTO `t_sys_resource` VALUES ('5b6c71fcefb643d6807d411b95690d43', 'f9e8bed5cf6a485db552e0602741894c', '删除', NULL, 'sys:tsysloginlog:remove', 2, NULL, 4, NULL, NULL, NULL, '0', '1', '2019-05-28 06:54:01', '1', '2019-06-15 08:57:41', NULL);
INSERT INTO `t_sys_resource` VALUES ('5bb687aa97dd4084871bdc700789b5c4', '0', '布道师', '', '', 3, '', 1, '', NULL, NULL, '1', '1', '2019-07-18 09:15:31', NULL, NULL, NULL);
INSERT INTO `t_sys_resource` VALUES ('5ffcaf9d565b44ba9c5f58468678437d', '83d786f2bfbf46398e3b495f6c70156c', '修改', NULL, 'sys:tsysparameter:edit', 2, NULL, 3, NULL, NULL, NULL, '1', '1', '2018-03-28 11:59:41', '1', NULL, NULL);
INSERT INTO `t_sys_resource` VALUES ('60896726a3024aedad02b405677c20f5', '9243558bee9548bcb08ca596c37e8a5b', '修改', NULL, 'site:tevglsitenews:edit', 2, NULL, 2, NULL, NULL, NULL, '1', '1', '2019-07-20 14:10:24', NULL, NULL, NULL);
INSERT INTO `t_sys_resource` VALUES ('64d756f2b12f46111e3b495f6c70156c', '82c786f2bfbf46398e3b495f6c70156c', '复制', NULL, 'sys:menu:list,sys:menu:copy', 2, NULL, 0, NULL, NULL, NULL, '1', '1', NULL, '1', NULL, NULL);
INSERT INTO `t_sys_resource` VALUES ('64d756f2b12f46458e3b495f6c70156c', '82c786f2bfbf46398e3b495f6c70156c', '生成', NULL, 'sys:menu:list,sys:menu:init', 2, NULL, 0, NULL, NULL, NULL, '1', '1', NULL, '1', NULL, NULL);
INSERT INTO `t_sys_resource` VALUES ('64d756f2bfbf46398e3b495f6c70156c', '82c786f2bfbf46398e3b495f6c70156c', '查看', NULL, 'sys:menu:list,sys:menu:info', 2, NULL, 0, NULL, NULL, NULL, '1', '1', NULL, '1', NULL, NULL);
INSERT INTO `t_sys_resource` VALUES ('67474aaee9794fbc8bf766148a81cf91', '99c786f2bfbf46399e3b495f6c7014bc', '新增', NULL, 'sys:tsysorg:add', 2, NULL, 2, NULL, NULL, NULL, '1', '1', '2018-03-28 11:11:04', '1', NULL, NULL);
INSERT INTO `t_sys_resource` VALUES ('692e2140dbe249e4bb508e2184a3dff9', '92c786f2bfbf46398e3b495f6c70156c', '分配特权', 'sys/tsysuserinfo/to_permpage', 'sys:tsysuserinfo:perm', 2, '', 9, '', NULL, NULL, '1', '1', '2018-03-28 11:25:05', '1', NULL, NULL);
INSERT INTO `t_sys_resource` VALUES ('70b76a59ba8044a3ba2fac6024057aa4', 'f9e8bed5cf6a485db552e0602741845c', '删除', NULL, 'sys:tsysattach:remove', 2, NULL, 4, NULL, NULL, NULL, '1', '1', '2018-03-28 11:57:26', '1', NULL, NULL);
INSERT INTO `t_sys_resource` VALUES ('7231e9cc583840bc85a432616b9061b9', 'd552fe2536d64166b69b29705e3bf6b8', '查看', NULL, 'tch:tevgltchteacher:view', 2, NULL, 4, NULL, NULL, NULL, '1', '1', '2019-07-22 15:46:36', '1', '2019-07-22 15:54:14', NULL);
INSERT INTO `t_sys_resource` VALUES ('73d786f2bfbf46398e3b495f6c70256c', 'cc3e5f98fb9d4c83bbb29332f4b0d85e', '操作日志', '/sys/log', 'sys:tsyslog:query,sys:tsyslog:remove,sys:tsyslog:add', 1, 'el-icon-document', 7, '', NULL, NULL, '1', '1', NULL, '1', '2019-06-01 08:49:06', NULL);
INSERT INTO `t_sys_resource` VALUES ('741e47570019484ab7498e5515bb817c', '26715d0dc99f4c92b61d97b9bc074312', '修改', NULL, 'site:tevglsiteresourceext:edit', 2, NULL, 2, NULL, NULL, NULL, '1', '1', '2019-07-16 08:57:25', NULL, NULL, NULL);
INSERT INTO `t_sys_resource` VALUES ('771c483b89e248a1adb261777ebd9d98', 'dc86ce2ecef34cbea905ad78305e9e10', '查看', NULL, 'sys:tsyspost:view', 2, NULL, 1, NULL, NULL, NULL, '1', '1', '2019-06-12 14:51:52', '1', NULL, NULL);
INSERT INTO `t_sys_resource` VALUES ('7c140a2910214d449c891b88991f0850', 'cb09c1957521474dae30b4768b74bc8e', '删除', NULL, 'medu:tmedumediaavd:remove', 2, NULL, 3, NULL, NULL, NULL, '1', '1', '2020-09-02 11:55:30', NULL, NULL, NULL);
INSERT INTO `t_sys_resource` VALUES ('7e83b9c3d46c47aa96c233bc4bb6ff3d', '538ecb94406f46f4862748f0c4ed847c', '删除', NULL, 'tch:tevgltchclasstrainee:remove', 2, NULL, 3, NULL, NULL, NULL, '1', '1', '2020-10-27 15:42:39', '1', '2020-10-27 15:43:03', NULL);
INSERT INTO `t_sys_resource` VALUES ('7f27e168a219489b97c9bb50c59b562f', 'cb09c1957521474dae30b4768b74bc8e', '新增', NULL, 'medu:tmedumediaavd:add', 2, NULL, 1, NULL, NULL, NULL, '1', '1', '2020-09-02 11:55:30', NULL, NULL, NULL);
INSERT INTO `t_sys_resource` VALUES ('82c786f2bfbf46398e3b495f6c70156c', 'cc3e5f98fb9d4c83bbb29332f4b0d85e', '资源模块', '/sys/menu', '', 1, 'el-icon-service', 3, '', NULL, NULL, '1', '1', NULL, '1', '2019-06-19 08:31:45', NULL);
INSERT INTO `t_sys_resource` VALUES ('83d786f2bfbf46398e3b495f6c70156c', 'cc3e5f98fb9d4c83bbb29332f4b0d85e', '全局参数', '/sys/parameter', 'sys:tsysparameter:query', 1, 'el-icon-s-tools', 6, '', NULL, NULL, '1', '1', NULL, '1', '2019-06-19 08:31:57', NULL);
INSERT INTO `t_sys_resource` VALUES ('8830ad960cc64a6e925e92a924c12743', '83d786f2bfbf46398e3b495f6c70156c', '全局配置', NULL, 'sys:settings:edit', 2, NULL, 5, NULL, 0, NULL, '1', '1', '2019-06-21 11:39:37', '1', '2019-06-24 15:03:25', NULL);
INSERT INTO `t_sys_resource` VALUES ('88935b2549474f5b97635a94a76961f9', '83d786f2bfbf46398e3b495f6c70156c', '删除', NULL, 'sys:tsysparameter:remove', 2, NULL, 4, NULL, NULL, NULL, '1', '1', '2018-03-28 11:59:41', '1', NULL, NULL);
INSERT INTO `t_sys_resource` VALUES ('89bbe647e4a34ae98df0e31dfdff48d0', 'dfbb34201ac74e48b24585de9c5cc9da', '更新日志', '/site/tevglsiteupdatelog', 'site:tevglsiteupdatelog:query', 1, 'fa fa-list-ol', 7, NULL, 0, NULL, '1', '1', '2020-09-01 09:30:08', '1', '2020-09-23 10:01:07', NULL);
INSERT INTO `t_sys_resource` VALUES ('8d257582b0c54e0b987118903613d427', 'dc86ce2ecef34cbea905ad78305e9e10', '新增', NULL, 'sys:tsyspost:add', 2, NULL, 2, NULL, NULL, NULL, '1', '1', '2019-06-12 14:51:52', '1', NULL, NULL);
INSERT INTO `t_sys_resource` VALUES ('909a6a0f44634a5bbaff870171042414', '99c786f2bfbf46399e3b495f6c7014bc', '上移', NULL, 'sys:tsysorg:move', 2, NULL, 1, NULL, 0, NULL, '1', '1', '2019-06-17 16:12:48', '1', NULL, NULL);
INSERT INTO `t_sys_resource` VALUES ('910786f2bfbf46398e3b495f6c7014bc', '99c786f2bfbf46398e3b495f6c7014bc', '删除', NULL, 'sys:job:remove', 2, NULL, 0, NULL, NULL, NULL, '1', '1', NULL, '1', NULL, NULL);
INSERT INTO `t_sys_resource` VALUES ('91d786f2bfbf46398e3b495f6c7014bc', '99c786f2bfbf46398e3b495f6c7014bc', '新增', NULL, 'sys:job:add', 2, NULL, 1, NULL, NULL, NULL, '1', '1', NULL, '1', '2019-06-28 09:40:17', NULL);
INSERT INTO `t_sys_resource` VALUES ('921786f2bfbf46398e3b495f6c7014bc', '99c786f2bfbf46398e3b495f6c7014bc', '修改', NULL, 'sys:job:edit', 2, NULL, 0, NULL, NULL, NULL, '1', '1', NULL, '1', NULL, NULL);
INSERT INTO `t_sys_resource` VALUES ('9243558bee9548bcb08ca596c37e8a5b', 'b43e1950c19d40deb8b9b701ffec5f65', '新闻资讯', '/site/tevglsitenews', 'site:tevglsitenews:list,site:tevglsitenews:query', 1, 'fa fa-superpowers', 3, '', 0, NULL, '1', '1', '2019-07-20 14:03:38', '1', '2019-07-22 10:18:58', NULL);
INSERT INTO `t_sys_resource` VALUES ('92c786f2bfbf46398e3b495f6c70156c', '1', '用户管理', '/sys/user', 'sys:tsysuserinfo:query,sys:tsysuserinfo:view,sys:tsysuserinfo:list', 1, 'fa fa-address-card-o', 3, '', NULL, NULL, '1', '1', NULL, '1', '2019-06-19', NULL);
INSERT INTO `t_sys_resource` VALUES ('93d2420cda4042a0a4efef67a07b7f1f', 'd552fe2536d64166b69b29705e3bf6b8', '新增', NULL, 'tch:tevgltchteacher:add', 2, NULL, 1, NULL, NULL, NULL, '1', '1', '2019-07-22 15:46:36', '1', '2019-07-22 15:53:52', NULL);
INSERT INTO `t_sys_resource` VALUES ('93d786f2bfbf46398e3b495f6c70156c', '1', '角色管理', '/sys/role', 'sys:role:list', 1, 'fa fa-user-circle', 3, '', NULL, NULL, '1', '1', NULL, '1', '2019-06-19', NULL);
INSERT INTO `t_sys_resource` VALUES ('93d787f2bfbf46398e3b495f6c70156c', '82c786f2bfbf46398e3b495f6c70156c', '删除', NULL, 'sys:menu:remove', 2, NULL, 0, NULL, NULL, NULL, '1', '1', NULL, '1', NULL, NULL);
INSERT INTO `t_sys_resource` VALUES ('95y786f2bfbf46398e3b495f6c7014bc', '99c786f2bfbf46398e3b495f6c7014bc', '查看', NULL, 'sys:job:list,sys:job:info', 2, NULL, 0, NULL, NULL, NULL, '1', '1', NULL, '1', NULL, NULL);
INSERT INTO `t_sys_resource` VALUES ('99c786f2bfbf46398e3b495f6c7014bc', 'cc3e5f98fb9d4c83bbb29332f4b0d85e', '定时任务', '/sys/job', 'sys:job:query', 1, 'el-icon-date', 5, '', NULL, NULL, '1', '1', NULL, '1', '2018-03-28 11:59:31', NULL);
INSERT INTO `t_sys_resource` VALUES ('99c786f2bfbf46399e3b495f6c7014bc', '1', '组织机构', '/sys/dept', 'sys:tsysorg:query,sys:tsysorg:view', 1, 'fa  fa-sitemap', 1, '', NULL, NULL, '1', '1', NULL, '1', '2019-06-27 09:01:09', NULL);
INSERT INTO `t_sys_resource` VALUES ('9d980791b9fc4d76805df6450a3602a1', '538ecb94406f46f4862748f0c4ed847c', '修改', NULL, 'tch:tevgltchclasstrainee:edit', 2, NULL, 2, NULL, NULL, NULL, '1', '1', '2020-10-27 15:42:39', '1', '2020-10-27 15:42:56', NULL);
INSERT INTO `t_sys_resource` VALUES ('9e9f07dd3ade46619c91bb9ef36167cc', 'd552fe2536d64166b69b29705e3bf6b8', '修改', NULL, 'tch:tevgltchteacher:edit', 2, NULL, 2, NULL, NULL, NULL, '1', '1', '2019-07-22 15:46:36', '1', '2019-07-22 15:54:00', NULL);
INSERT INTO `t_sys_resource` VALUES ('a2112c6792aa45ba8855dc8acbc88b4a', '538ecb94406f46f4862748f0c4ed847c', '查看', NULL, 'tch:tevgltchclasstrainee:view', 2, NULL, 4, NULL, NULL, NULL, '1', '1', '2020-10-27 15:42:39', '1', '2020-10-27 15:43:09', NULL);
INSERT INTO `t_sys_resource` VALUES ('a5f98a3c6d15451d931398bf529424e8', '5bb687aa97dd4084871bdc700789b5c4', '我要开课', 'https://www.budaos.com/#/beginClass', '', 4, 'fa fa-american-sign-language-interpreting', 3, '', NULL, NULL, '1', '1', '2019-07-18 09:17:21', '1', '2020-09-28 17:24:28', NULL);
INSERT INTO `t_sys_resource` VALUES ('aa1873b519bb406e851a181e7d826153', '5b53877cef0f4eeaadd7f96dc87273ae', '查看', NULL, 'book:tevglbookmajor:view', 2, NULL, 4, NULL, NULL, NULL, '1', '1', '2019-07-30 17:07:02', NULL, NULL, NULL);
INSERT INTO `t_sys_resource` VALUES ('ac227164c3304bf0a4f03c5cbd71e4ba', '5b53877cef0f4eeaadd7f96dc87273ae', '删除', NULL, 'book:tevglbookmajor:remove', 2, NULL, 3, NULL, NULL, NULL, '1', '1', '2019-07-30 17:07:02', NULL, NULL, NULL);
INSERT INTO `t_sys_resource` VALUES ('b43e1950c19d40deb8b9b701ffec5f65', '19c786f2bfbf46398e3b495f6c7014b1', '门户管理', NULL, NULL, 0, 'fa fa-balance-scale', 4, '', 0, NULL, '1', '1', '2019-07-09 15:35:10', '1', '2020-10-15 09:05:00', NULL);
INSERT INTO `t_sys_resource` VALUES ('b4e13f4ee6b0466ba37bd13f5420e6ba', '89bbe647e4a34ae98df0e31dfdff48d0', '新增', NULL, 'site:tevglsiteupdatelog:add', 2, NULL, 1, NULL, NULL, NULL, '1', '1', '2020-09-01 09:30:10', NULL, NULL, NULL);
INSERT INTO `t_sys_resource` VALUES ('b8e76db567db4bf9b78e5277fdce6ff6', '83d786f2bfbf46398e3b495f6c70156c', '查看', NULL, 'sys:tsysparameter:view', 2, NULL, 1, NULL, NULL, NULL, '1', '1', '2018-03-28 11:59:41', '1', NULL, NULL);
INSERT INTO `t_sys_resource` VALUES ('ba561d9fc4d840db83986447c6e7d2fb', 'bcc3290a69c94b1dbeb6e042ffa75780', '修改', NULL, 'site:tevglsitevideo:edit', 2, NULL, 2, NULL, NULL, NULL, '1', '1', '2021-09-11 17:51:30', '1', '2021-09-11 17:52:10', NULL);
INSERT INTO `t_sys_resource` VALUES ('bb3b180c44224f219235455278aa1184', '371d98578b7c4be1867aa6b5e2d67031', '删除', NULL, 'tch:tevgltchclass:remove', 2, NULL, 3, NULL, NULL, NULL, '1', '1', '2019-08-19 17:49:32', '1', '2019-08-19 17:49:49', NULL);
INSERT INTO `t_sys_resource` VALUES ('bcc3290a69c94b1dbeb6e042ffa75780', 'e0904dc937b2446ab4e4f04512c00070', '视频管理', '/site/tevglsitevideo', 'site:tevglsitevideo:query', 1, 'fa fa-youtube-play', 7, NULL, 0, NULL, '1', '1', '2021-09-11 17:51:25', NULL, NULL, NULL);
INSERT INTO `t_sys_resource` VALUES ('bfe52d8339744e6caa8211c6f6fbdcce', '5bb687aa97dd4084871bdc700789b5c4', '首页', 'https://www.budaos.com', '', 4, 'fa fa-snowflake-o', 1, '0b25462a631e4ccf93dddc2b58037738', NULL, NULL, '1', '1', '2019-07-18 09:15:42', '1', '2019-08-31 09:45:59', NULL);
INSERT INTO `t_sys_resource` VALUES ('c0a8e83d390d46ea94fc6c52b01c18ff', 'f9e8bed5cf6a485db552e0602741564c', '删除', NULL, 'sys:tsysdict:remove', 2, NULL, 4, NULL, NULL, NULL, '1', '1', '2018-03-28 11:58:38', '1', NULL, NULL);
INSERT INTO `t_sys_resource` VALUES ('c2ec049934cf4f7ca38bf752dedb33cf', '0e0a4e29e34b4646a66d22cd5b876713', '查看', NULL, 'site:tevglsiteavd:view', 2, NULL, 4, NULL, NULL, NULL, '1', '1', '2019-07-15 10:59:24', NULL, NULL, NULL);
INSERT INTO `t_sys_resource` VALUES ('c41d8e6bdca6459bbcb704d242383e1b', 'f9e8bed5cf6a485db552e0602741564c', '新增', NULL, 'sys:tsysdict:add', 2, NULL, 2, NULL, NULL, NULL, '1', '1', '2018-03-28 11:58:38', '1', NULL, NULL);
INSERT INTO `t_sys_resource` VALUES ('c44ba41ac85248b893ff76f1d210bb52', '89bbe647e4a34ae98df0e31dfdff48d0', '查看', NULL, 'site:tevglsiteupdatelog:view', 2, NULL, 4, NULL, NULL, NULL, '1', '1', '2020-09-01 09:30:11', NULL, NULL, NULL);
INSERT INTO `t_sys_resource` VALUES ('c7b1b3c928fc4b0f95739be0a940d0d6', '371d98578b7c4be1867aa6b5e2d67031', '查看', NULL, 'tch:tevgltchclass:view', 2, NULL, 4, NULL, NULL, NULL, '1', '1', '2019-08-19 17:49:32', '1', '2019-08-19 17:49:55', NULL);
INSERT INTO `t_sys_resource` VALUES ('cb09c1957521474dae30b4768b74bc8e', 'dfbb34201ac74e48b24585de9c5cc9da', '广告轮播', '/medu/tmedumediaavd', 'medu:tmedumediaavd:list,medu:tmedumediaavd:query', 1, 'fa fa-envira', 1, NULL, 0, NULL, '1', '1', '2020-09-02 11:55:23', '1', '2021-12-30 11:37:58', NULL);
INSERT INTO `t_sys_resource` VALUES ('cbd6cf9b9b634f4b986bfbe05ae9591c', 'cb09c1957521474dae30b4768b74bc8e', '查看', NULL, 'medu:tmedumediaavd:view', 2, NULL, 4, NULL, NULL, NULL, '1', '1', '2020-09-02 11:55:30', NULL, NULL, NULL);
INSERT INTO `t_sys_resource` VALUES ('cc3e5f98fb9d4c83bbb29332f4b0d85e', '19c786f2bfbf46398e3b495f6c7014b1', '安全管理', '#1', '', 0, 'el-icon-setting', 3, '', NULL, NULL, '0', '1', NULL, '1', '2020-10-11 20:40:37', NULL);
INSERT INTO `t_sys_resource` VALUES ('cc96adff96a34790892d2555b71ed8fd', '82c786f2bfbf46398e3b495f6c70156c', '子系统', NULL, 'sys:menu:subsystem', 2, NULL, 2, NULL, 0, NULL, '1', '1', '2019-06-19 16:37:24', NULL, NULL, NULL);
INSERT INTO `t_sys_resource` VALUES ('cfea91bab6b34fb396c0e37486f35bbd', 'b43e1950c19d40deb8b9b701ffec5f65', '友情社区', '/site/Tevglforumfriend', 'forum:tevglforumfriend:query', 1, 'fa fa-bars', 5, NULL, 0, NULL, '1', '1', '2021-03-08 14:39:55', NULL, NULL, NULL);
INSERT INTO `t_sys_resource` VALUES ('d552fe2536d64166b69b29705e3bf6b8', 'e0904dc937b2446ab4e4f04512c00070', '教师管理', '/res/tevgltchteacher', 'tch:tevgltchteacher:query', 1, 'fa fa-graduation-cap', 2, NULL, 0, NULL, '1', '1', '2019-07-22 15:45:41', '1', '2020-10-15 09:07:03', NULL);
INSERT INTO `t_sys_resource` VALUES ('d96c5e75c14c41acbf6c9ff0a41112d1', 'bcc3290a69c94b1dbeb6e042ffa75780', '删除', NULL, 'site:tevglsitevideo:delete', 2, NULL, 3, NULL, NULL, NULL, '1', '1', '2021-09-11 17:51:31', '1', '2021-09-11 17:52:22', NULL);
INSERT INTO `t_sys_resource` VALUES ('dbafab4c31d3463b8dc2c26ee91edeb3', '99c786f2bfbf46399e3b495f6c7014bc', '查看', NULL, 'sys:tsysorg:view', 2, NULL, 1, NULL, NULL, NULL, '1', '1', '2018-03-28 11:11:04', '1', NULL, NULL);
INSERT INTO `t_sys_resource` VALUES ('dc86ce2ecef34cbea905ad78305e9e10', '1', '岗位管理', '/sys/post', 'sys:tsyspost:query', 1, 'fa fa-id-badge', 4, NULL, 0, NULL, '1', '1', '2019-06-03 16:23:09', '1', '2019-06-19 10:33:41', NULL);
INSERT INTO `t_sys_resource` VALUES ('dc8edd650b9f41a3a4708db33e3892fb', '0e0a4e29e34b4646a66d22cd5b876713', '新增', NULL, 'site:tevglsiteavd:add', 2, NULL, 1, NULL, NULL, NULL, '1', '1', '2019-07-15 10:59:24', NULL, NULL, NULL);
INSERT INTO `t_sys_resource` VALUES ('ddef9f1960a7416390727e4a717cae13', '371d98578b7c4be1867aa6b5e2d67031', '修改', NULL, 'tch:tevgltchclass:edit', 2, NULL, 2, NULL, NULL, NULL, '1', '1', '2019-08-19 17:49:32', '1', '2019-08-19 17:49:45', NULL);
INSERT INTO `t_sys_resource` VALUES ('dfbb34201ac74e48b24585de9c5cc9da', '19c786f2bfbf46398e3b495f6c7014b1', '小程序管理', NULL, NULL, 0, 'fa fa-weixin', 6, '', 0, NULL, '1', '1', '2020-09-02 11:54:05', '1', '2020-10-15 09:10:31', NULL);
INSERT INTO `t_sys_resource` VALUES ('e0904dc937b2446ab4e4f04512c00070', '19c786f2bfbf46398e3b495f6c7014b1', '教务管理', NULL, 'f', 0, 'fa fa-database', 5, NULL, 0, NULL, '0', '1', '2019-07-22 15:41:19', '1', '2020-10-15 09:09:35', NULL);
INSERT INTO `t_sys_resource` VALUES ('e517523468cf41bab3d77b7aa3fa4065', '5bb687aa97dd4084871bdc700789b5c4', '新闻公告', '', '', 4, 'fa fa-superpowers', 7, '', NULL, NULL, '0', '1', '2019-07-20 14:19:20', '1', '2019-08-08 16:47:17', NULL);
INSERT INTO `t_sys_resource` VALUES ('e660d3450c594c8c93a64d55c6914e7c', '93d786f2bfbf46398e3b495f6c70156c', '分配用户', 'sys/role/setUser', 'sys:role:setUser,sys:role:save,sys:tsysuserinfo:query,sys:tsysuserinfo:list', 2, '', 5, '', NULL, NULL, '1', '1', '2018-03-28 11:38:58', '1', '2018-03-28 11:55:19', NULL);
INSERT INTO `t_sys_resource` VALUES ('e790b82b969a47a1b053551d0735ce43', 'cfea91bab6b34fb396c0e37486f35bbd', '查看', NULL, 'forum:tevglforumfriend:view', 2, NULL, 4, NULL, NULL, NULL, '1', '1', '2021-03-08 14:40:01', '1', '2021-03-08 14:40:35', NULL);
INSERT INTO `t_sys_resource` VALUES ('e81599e7d0644d39ae62fc0950dd5e7d', 'cfea91bab6b34fb396c0e37486f35bbd', '删除分类', NULL, 'forum:tevglforumfriendtype:delete', 2, NULL, 6, NULL, 0, NULL, '1', '1', '2021-04-15 15:04:46', NULL, NULL, NULL);
INSERT INTO `t_sys_resource` VALUES ('ecd2af61fc2f49588a16f0512ae49d5e', 'cfea91bab6b34fb396c0e37486f35bbd', '删除', NULL, 'forum:tevglforumfriend:delete', 2, NULL, 3, NULL, NULL, NULL, '1', '1', '2021-03-08 14:40:01', '1', '2021-03-08 14:40:29', NULL);
INSERT INTO `t_sys_resource` VALUES ('ed9d0544f6ac488aa1d65bf9126a03c2', 'f9e8bed5cf6a485db552e0602741564c', '修改', NULL, 'sys:tsysdict:edit', 2, NULL, 3, NULL, NULL, NULL, '1', '1', '2018-03-28 11:58:38', '1', NULL, NULL);
INSERT INTO `t_sys_resource` VALUES ('f03b877ac9814f99b3a371ee35ab3ec9', '-1', '智能客服系统', NULL, NULL, -1, 'fa  fa-phone fa-lg fa-spin', 3, '', 0, NULL, '1', '1', '2019-06-18 09:44:54', '1', '2019-06-19 17:26:29', NULL);
INSERT INTO `t_sys_resource` VALUES ('f221b6aa4a69447084dc390c4d85511c', '92c786f2bfbf46398e3b495f6c70156c', '分配角色', 'sys/tsysuserinfo/to_grantrole', 'sys:tsysuserinfo:role', 2, '', 5, '', NULL, NULL, '1', '1', '2018-03-28 11:22:27', '1', NULL, NULL);
INSERT INTO `t_sys_resource` VALUES ('f3ee4494e48a47c9ac0eda896759d32e', '26715d0dc99f4c92b61d97b9bc074312', '查看', NULL, 'site:tevglsiteresourceext:view', 2, NULL, 4, NULL, NULL, NULL, '1', '1', '2019-07-16 08:57:25', NULL, NULL, NULL);
INSERT INTO `t_sys_resource` VALUES ('f4fd46dd59be413ab38b8f94f8af340c', '0e0a4e29e34b4646a66d22cd5b876713', '删除', NULL, 'site:tevglsiteavd:remove', 2, NULL, 3, NULL, NULL, NULL, '1', '1', '2019-07-15 10:59:24', NULL, NULL, NULL);
INSERT INTO `t_sys_resource` VALUES ('f6abfd7d572f46ddac72dbbd853360d7', '26715d0dc99f4c92b61d97b9bc074312', '删除', NULL, 'site:tevglsiteresourceext:remove', 2, NULL, 3, NULL, NULL, NULL, '1', '1', '2019-07-16 08:57:25', NULL, NULL, NULL);
INSERT INTO `t_sys_resource` VALUES ('f9e8bed5cf6a485db552e0602741564c', '1', '数据字典', '/sys/dict', 'sys:tsysdict:query', 1, 'fa fa-database', 5, '', NULL, NULL, '1', '1', NULL, '1', '2019-06-19 10:33:53', NULL);
INSERT INTO `t_sys_resource` VALUES ('f9e8bed5cf6a485db552e0602741845c', 'cc3e5f98fb9d4c83bbb29332f4b0d85e', '附件管理', '/sys/attach', 'sys:tsysattach:query', 1, 'el-icon-paperclip', 5, '', NULL, NULL, '1', '1', NULL, '1', '2019-06-01 08:40:11', NULL);
INSERT INTO `t_sys_resource` VALUES ('f9e8bed5cf6a485db552e0602741894c', 'cc3e5f98fb9d4c83bbb29332f4b0d85e', '登录日志', '/sys/loginLog', 'sys:tsysloginlog:query,sys:tsysloginlog:remove', 1, 'el-icon-user-solid', 1, '', NULL, NULL, '1', '1', NULL, '1', '2019-06-01 08:52:48', NULL);
INSERT INTO `t_sys_resource` VALUES ('fb105e3a917a4cb39ba42717e82c3045', '5bb687aa97dd4084871bdc700789b5c4', '我要合作', 'javascript:alert(\'敬请期待\')', '', 4, 'fa fa-envelope-open-o', 7, '0b25462a631e4ccf93dddc2b58037738', NULL, NULL, '1', '1', '2019-07-18 09:18:21', '1', '2020-09-28 17:25:35', NULL);
INSERT INTO `t_sys_resource` VALUES ('fb7ddf7af18e4d639266d74a90540cd3', 'dc86ce2ecef34cbea905ad78305e9e10', '修改', NULL, 'sys:post:edit,sys:tsyspost:edit', 2, NULL, 3, NULL, NULL, NULL, '1', '1', '2019-06-12 14:51:52', '1', NULL, NULL);
INSERT INTO `t_sys_resource` VALUES ('ff6e7475f8a54cf28c4c8aa8a7bc05da', 'cfea91bab6b34fb396c0e37486f35bbd', '修改', NULL, 'forum:tevglforumfriend:edit', 2, NULL, 2, NULL, NULL, NULL, '1', '1', '2021-03-08 14:40:00', '1', '2021-03-08 14:40:23', NULL);

-- ----------------------------
-- Records of t_sys_role
-- ----------------------------
INSERT INTO `t_sys_role` VALUES ('a2ee62cc30ae411c826227cc15b1e235', '游客', '', '1', '2022-09-22 09:40:27', NULL, '2022-09-22 09:40:27', NULL, '845786f2bfbf46398e3b495f6c7014bc', '1', '1');
INSERT INTO `t_sys_role` VALUES ('b1dbc8db116d42538d67e80329b471f0', '开发', '', '1', '2022-09-13 10:57:49', '1', '2022-09-13 11:08:51', NULL, '845786f2bfbf46398e3b495f6c7014bc', '1', NULL);

-- ----------------------------
-- Records of t_sys_roleprivilege
-- ----------------------------
INSERT INTO `t_sys_roleprivilege` VALUES ('1d25e5bcec4b4691919ea86a058d5638', 'b1dbc8db116d42538d67e80329b471f0', '19c786f2bfbf46398e3b495f6c7014b1');
INSERT INTO `t_sys_roleprivilege` VALUES ('5696c8e1efdf4593afd0f344b8621283', 'a2ee62cc30ae411c826227cc15b1e235', '19c786f2bfbf46398e3b495f6c7014b1');
INSERT INTO `t_sys_roleprivilege` VALUES ('57c486ceb1e84147a6e6356dc597c4af', 'a2ee62cc30ae411c826227cc15b1e235', 'f9e8bed5cf6a485db552e0602741894c');
INSERT INTO `t_sys_roleprivilege` VALUES ('66bb90b6e62b47d0aefcc7006b1e0770', 'b1dbc8db116d42538d67e80329b471f0', '1');
INSERT INTO `t_sys_roleprivilege` VALUES ('a50a771b05964163b77ce590007a0e54', 'b1dbc8db116d42538d67e80329b471f0', '771c483b89e248a1adb261777ebd9d98');
INSERT INTO `t_sys_roleprivilege` VALUES ('abf28ec8813d46c78cafe9f1a601d283', 'a2ee62cc30ae411c826227cc15b1e235', 'cc3e5f98fb9d4c83bbb29332f4b0d85e');
INSERT INTO `t_sys_roleprivilege` VALUES ('ad79ad1bb14e4cdfa4b1df1a4f5a8e9a', 'a2ee62cc30ae411c826227cc15b1e235', '24e2dd79b05046de99da63abb8a3ba39');
INSERT INTO `t_sys_roleprivilege` VALUES ('fb1f1c67eafd4fc087d08a5f349c6f7f', 'b1dbc8db116d42538d67e80329b471f0', 'dc86ce2ecef34cbea905ad78305e9e10');

-- ----------------------------
-- Records of t_sys_settings
-- ----------------------------
INSERT INTO `t_sys_settings` VALUES ('23ec7635acdc438592171e0a5f444aaf', 'sys', 'logoTitle', '图标标题', '教学实训云平台', NULL, NULL, '1', '1', NULL, '1', '2020-10-15 08:56:57', NULL);
INSERT INTO `t_sys_settings` VALUES ('23ec7635acdc438592171e0a5f44af', 'sys', 'companyInfo', '公司信息', '湖南创蓝信息科技有限公司', NULL, NULL, '1', '1', NULL, '1', '2020-10-15 09:02:04', NULL);
INSERT INTO `t_sys_settings` VALUES ('23ec7635acdc438592171e0a5fccaf', 'sys', 'cbLogo', '创蓝图标', '863cba20-c943-4b88-a90e-0f222ade6caa.jpeg', NULL, NULL, '1', '1', NULL, '1', '2022-09-14 09:30:09', NULL);
INSERT INTO `t_sys_settings` VALUES ('23ec7635acdc438592171e0a5fyyaf', 'sys', 'contactInfo', '联系电话', '0731-89913439 ', NULL, NULL, '1', '1', NULL, '1', '2019-07-05 08:40:08', NULL);
INSERT INTO `t_sys_settings` VALUES ('23ec7635acdc438592171e0abnfccaf', 'sys', 'loginBgImg', '登录背景图', NULL, NULL, NULL, '1', '1', NULL, '1', '2019-06-28 17:38:27', NULL);
INSERT INTO `t_sys_settings` VALUES ('wechat-official-account', 'official', 'weChatOfficialAccountAccessToken', '创蓝微信公众号AccessToken', '54_76jFh4JC9d3VaSJT4icKocTZh0MhlLiM_v0ZQCcVv7OH6DN1H2F2FEIB-Q4YKT9HFGk3OWaZDW4e7VklKtvEFSnPVM1aHJupoLZNA6BSysF6qaZp9vGeXbZibpStBACql2Idhn9ZJZkpkVTBVQRgAIAQLM', NULL, NULL, NULL, NULL, '2022-01-18 17:30:00', NULL, '2022-03-11 17:00:00', NULL);
INSERT INTO `t_sys_settings` VALUES ('wxaccesstoken', 'wx', 'wxAccessToken', '布道师小程序AccessToken', '58_McJThGTHdSDtYwcMxG0Rf8MNjA5_F5fZ-OKDstalyRsZW7jPod2wjXGUdSzUqiX_PB6Lv7Hkw2qWDLy6ExgPyd2LIYyMTj5lIzH_2-b0MnAF4A5p1DeM1z8Uh8lNMX1ONfzEVbNld8ExDgvaJPXiAEAZFN', NULL, NULL, '1', NULL, '2020-08-03 10:43:01', '3338de437ceb492fa253e7d50bbce107', '2022-07-16 16:00:11', NULL);

-- ----------------------------
-- Records of t_sys_userinfo
-- ----------------------------
INSERT INTO `t_sys_userinfo` VALUES ('1', 'admin', '0163b9a73b7022c99590ae5d9d33c735', '', 'zhujianwu@creatorblue.com', '18229923839', 1, '1', '2016-11-11 11:11:11', 'http://localhost:19084/console/uploads/sys-user-img/12a10d95-0ef1-4992-abdc-5e5a2c105a28.jpeg', NULL, 1, '1', NULL, '1', '系统管理员', '', '430223198811111111', NULL, '账号密码 admin/admin', '汉族', '1', '2022-09-14 09:30:11');

SET FOREIGN_KEY_CHECKS = 1;
